The operation has completed successfully.
mkfs.fat 4.2 (2021-01-31)
Setting up swapspace version 1, size = 32 GiB (34359734272 bytes)
no label, UUID=b76e00a6-a6ff-4efb-9d2c-e78dfb09aaed
btrfs-progs v7.1
See https://btrfs.readthedocs.io for more information.

Performing full device TRIM /dev/nvme0n1p3 (898.51GiB) ...
NOTE: default settings have changed in version 6.19 (supported since linux 6.1):
      - enable block-group-tree (-O bgt)

Label:              (null)
UUID:               220c8723-baf9-4270-94af-2b719d0fb571
Node size:          16384
Sector size:        4096	(CPU page size: 4096)
Filesystem size:    898.51GiB
Block group profiles:
  Data:             single            8.00MiB
  Metadata:         DUP               1.00GiB
  System:           DUP               8.00MiB
SSD detected:       yes
Zoned device:       no
Features:           extref, skinny-metadata, no-holes, free-space-tree, block-group-tree
Checksum:           crc32c
Number of devices:  1
Devices:
   ID        SIZE  PATH          
    1   898.51GiB  /dev/nvme0n1p3

Create subvolume '/mnt/@'
Create subvolume '/mnt/@home'
Create subvolume '/mnt/@log'
Create subvolume '/mnt/@pkg'
==> Creating install root at /mnt
gpg: /mnt//etc/pacman.d/gnupg/trustdb.gpg: trustdb created
gpg: no ultimately trusted keys found
gpg: starting migration from earlier GnuPG versions
gpg: porting secret keys from '/mnt//etc/pacman.d/gnupg/secring.gpg' to gpg-agent
gpg: migration succeeded
==> Generating pacman master key. This may take some time.
gpg: Generating pacman keyring master key...
gpg: directory '/mnt//etc/pacman.d/gnupg/openpgp-revocs.d' created
gpg: revocation certificate stored as '/mnt//etc/pacman.d/gnupg/openpgp-revocs.d/D53AE17D88B3A3BDE922CC075B7483616D6FC61A.rev'
gpg: Done
==> Updating trust database...
gpg: marginals needed: 3  completes needed: 1  trust model: pgp
gpg: depth: 0  valid:   1  signed:   0  trust: 0-, 0q, 0n, 0m, 0f, 1u
==> Installing packages to /mnt
:: Synchronizing package databases...
 core downloading...
 extra downloading...
 multilib downloading...
resolving dependencies...
:: There are 2 providers available for libxtables.so=12-64:
:: Repository core
   1) iptables  2) iptables-legacy

Enter a number (default=1): 
looking for conflicting packages...

Packages (699) abseil-cpp-20260817.0-2  acl-2.4.0-1  adwaita-cursors-51.0-1  adwaita-fonts-51.0-2  adwaita-icon-theme-51.0-1  adwaita-icon-theme-legacy-46.2-3  alsa-card-profiles-1:1.6.9-1  alsa-lib-1.2.16.1-1  alsa-plugins-1:1.2.12-6  alsa-topology-conf-1.2.5.1-4  alsa-ucm-conf-1.2.16.1-1  aom-3.15.1-1  aquamarine-0.15.1-1  archlinux-keyring-20260909-1  at-spi2-core-2.62.0.1-1  atkmm-2.28.5-2  attr-2.6.0-1  audit-4.2.1-1  autoconf-2.73-1  automake-1.19-1  avahi-1:0.9rc5-1  bash-5.3.20-1  binutils-2.47-4  bison-3.8.2-8  blas-3.12.1-2  bluez-libs-5.87-2  boost-libs-1.92.0-1  brotli-1.2.0-1  bubblewrap-0.13.0-1  bzip2-1.0.8-6  ca-certificates-20240618-1  ca-certificates-mozilla-3.131-1  ca-certificates-utils-20240618-1  cairo-1.18.6-1  cairomm-1.14.6-1  cairomm-1.16-1.18.1-1  cblas-3.12.1-2  containerd-2.4.1-1  coreutils-9.12-2  cpio-2.15-3  cronie-1.7.2-2  cryptsetup-2.8.8-1  curl-8.22.0-1  dav1d-1.5.4-1  db5.3-5.3.28-7  dbus-1.16.2-1  dbus-broker-37-3  dbus-broker-units-37-3  dbus-units-37-3  dconf-51.0-1  debugedit-5.3-2  default-cursors-3-1  desktop-file-utils-0.28-1  device-mapper-2.03.43-2  diffutils-3.12-2  double-conversion-3.4.0-1  duktape-2.7.0-7  e2fsprogs-1.47.4-1  elfutils-0.196-1  exo-4.20.0-2  expat-2.9.0-1  fakeroot-1:1.37.2-3  ffmpeg-2:9.0.2-2  fftw-3.3.11-1  file-5.48-1  filesystem-2025.10.12-1  findutils-4.11.0-1  flac-1.5.0-1  flex-2.6.4-6  fmt-12.2.0-1  fontconfig-2:2.18.3-2  freetype2-2.14.3-1  fribidi-1.0.17-1  fuse-common-3.18.3-1  fuse3-3.18.3-1  gawk-5.4.1-1  gc-8.2.12-1  gcc-16.2.1+r23+gd564253eb6c8-1  gcc-libs-16.2.1+r23+gd564253eb6c8-1  gdb-18.1-1  gdb-common-18.1-1  gdbm-1.26-2  gdk-pixbuf2-2.44.8-1  gettext-1.0-2  giflib-6.1.3-2  glew-2.3.1-1  glfw-1:3.5.1-1  glib-networking-1:2.90.0-1  glib2-2.90.1-1  glibc-2.44+r50+g1848099f063e-1  glibmm-2.66.10-1  glibmm-2.68-2.90.0-1  glslang-1:1.4.363.0-1  glu-9.0.3-3  glycin-2.2.2-1  gmp-6.3.0-3  gnulib-l10n-20241231-1  gnupg-2.4.9-3  gnutls-3.8.13-3  gobject-introspection-runtime-1.86.0-2  gperftools-2.18.1-1  gpgme-2.2.0-1  gpm-1.20.7.r38.ge82d1a6-7  gpsd-3.27.5-1  graphene-1.10.8-2  graphite-1:1.3.15-1  grep-3.12-2  grim-1.5.0-2  groff-1.24.2-1  gsettings-desktop-schemas-51.0-1  gsettings-system-schemas-51.0-1  gsm-1.0.24-1  gssdp-1.6.6-1  gst-plugins-bad-libs-1.28.7-3  gst-plugins-base-libs-1.28.7-3  gstreamer-1.28.7-3  gtest-1.18.0-1  gtk-layer-shell-0.10.1-1  gtk-update-icon-cache-1:4.24.1-1  gtk3-1:3.24.52-2  gtk4-1:4.24.1-1  gtkmm-4.0-4.24.0-1  gtkmm3-3.24.11-1  guile-3.0.11-1  gupnp-1:1.6.10-1  gupnp-igd-1.6.0-2  gzip-1.15-1  harfbuzz-14.6.0-1  hicolor-icon-theme-0.18-1  hidapi-0.15.0-1  highway-1.4.0-1  hwdata-0.412-1  hyprcursor-0.1.13-7  hyprgraphics-0.5.1-4  hyprland-guiutils-0.2.2-4  hyprland-qt-support-0.1.0-14  hyprlang-0.6.8-5  hyprtoolkit-0.6.0-1  hyprutils-0.14.2-1  hyprwire-0.3.1-3  iana-etc-20260617-1  icu-78.3-1  iniparser-4.3.2-1  iproute2-7.2.0-1  iptables-1:1.8.13-1  iputils-20250605-1  iso-codes-4.20.1-1  jansson-2.15.1-1  jbigkit-2.1-8  jq-1.8.2-1  json-c-0.19-1  json-glib-1.10.8-1  jsoncpp-1.9.8-1  kbd-2.10.0-1  keyutils-1.6.3-4  kitty-shell-integration-0.49.2-1  kitty-terminfo-0.49.2-1  kmod-34.2-1  krb5-1.22.2-1  l-smash-2.14.5-4  lame-4.0-1  lapack-3.12.1-2  lcms2-2.19.1-1  leancrypto-1.9.1-1  less-1:710-1  lib32-alsa-lib-1.2.16.1-1  lib32-alsa-plugins-1.2.12-1  lib32-brotli-1.2.0-2  lib32-bzip2-1.0.8-4  lib32-curl-8.22.0-1  lib32-dbus-1.16.2-1  lib32-e2fsprogs-1.47.4-1  lib32-expat-2.9.0-1  lib32-fontconfig-2:2.18.3-1  lib32-freetype2-2.14.3-1  lib32-gcc-libs-16.2.1+r23+gd564253eb6c8-1  lib32-glew-2.3.1-1  lib32-glib2-2.90.1-1  lib32-glibc-2.44+r50+g1848099f063e-1  lib32-glu-9.0.3-2  lib32-gmp-6.3.0-2  lib32-gnutls-3.8.13-3  lib32-icu-78.3-1  lib32-json-c-0.19-1  lib32-keyutils-1.6.3-4  lib32-krb5-1.22.2-1  lib32-libdisplay-info-0.3.0-1  lib32-libdrm-2.4.134-1  lib32-libelf-0.196-2  lib32-libffi-3.8.0-1  lib32-libgcrypt-1.12.4-1  lib32-libglvnd-1.7.0-1  lib32-libgpg-error-1.61-1  lib32-libice-1.1.2-1  lib32-libidn2-2.3.8-1  lib32-libldap-2.7.1-1  lib32-libnghttp2-1.70.0-1  lib32-libnghttp3-1.18.0-1  lib32-libngtcp2-1.25.0-1  lib32-libnm-1.58.1-2  lib32-libpciaccess-0.19-1  lib32-libpipewire-1:1.6.9-1  lib32-libpng-1.6.59-1  lib32-libpsl-0.21.5-1  lib32-libsm-1.2.6-1  lib32-libssh2-1.11.1-5  lib32-libtasn1-4.21.0-1  lib32-libunistring-1.4.2-1  lib32-libva-2.24.1-1  lib32-libx11-1.8.13-1  lib32-libxau-1.0.12-1  lib32-libxcb-1.17.0-1  lib32-libxcrypt-4.5.2-1  lib32-libxcrypt-compat-4.5.2-1  lib32-libxdmcp-1.1.5-1  lib32-libxext-1.3.7-1  lib32-libxfixes-6.0.2-1  lib32-libxi-1.8.3-1  lib32-libxinerama-1.1.6-1  lib32-libxkbcommon-1.13.2-1  lib32-libxml2-2.15.4-1  lib32-libxmu-1.3.1-1  lib32-libxshmfence-1.3.3-1  lib32-libxss-1.2.5-1  lib32-libxt-1.3.1-1  lib32-libxxf86vm-1.1.7-1  lib32-llvm-libs-1:23.1.1-1  lib32-lm_sensors-1:3.6.2-2  lib32-ncurses-6.6-2  lib32-nettle-4.0-2  lib32-nspr-4.40-1  lib32-nss-3.131-1  lib32-openssl-1:3.6.5-1  lib32-opus-1.6.1-1  lib32-p11-kit-0.26.5-1  lib32-pcre2-10.49-1  lib32-pipewire-1:1.6.9-1  lib32-spirv-tools-1:1.4.363.0-1  lib32-sqlite-3.53.4-1  lib32-systemd-262-1  lib32-util-linux-2.42.4-1  lib32-vulkan-icd-loader-1.4.363.0-1  lib32-vulkan-mesa-implicit-layers-1:26.2.4-1  lib32-wayland-1.26.0-1  lib32-xcb-util-keysyms-0.4.1-2  lib32-xz-5.8.4-1  lib32-zlib-1.3.2-1  lib32-zstd-1.5.7-2  libadwaita-1:1.10.0-1  libarchive-3.8.9-1  libasan-16.2.1+r23+gd564253eb6c8-1  libass-0.17.5-1  libassuan-3.0.0-1  libasyncns-1:0.8+r3+g68cd5af-3  libatomic-16.2.1+r23+gd564253eb6c8-1  libavc1394-0.5.4-7  libavif-1.4.2-1  libb2-0.98.1-3  libbluray-1.5.1-1  libbpf-1.7.0-1  libbs2b-3.1.0-10  libbsd-0.12.2-2  libcanberra-1:0.30+r2+gc0620e4-6  libcap-2.78-1  libcap-ng-0.9.6-1  libcloudproviders-0.4.1-1  libcolord-1.4.8-1  libcups-2:2.4.20-1  libdaemon-0.14-6  libdatrie-0.2.14-1  libdbusmenu-glib-18.10.20180917-2  libdbusmenu-gtk3-18.10.20180917-2  libdecor-0.2.5-1  libdeflate-1.26-1  libdisplay-info-0.3.0-1  libdovi-3.4.0-1  libdrm-2.4.134-1  libdvdnav-7.0.0-1  libdvdread-7.1.1-1  libebur128-1.2.6-2  libedit-20260512_3.1-1  libei-1.6.0-1  libelf-0.196-1  libepoxy-1.5.10-3  libevdev-1.14.0-1  libevent-2.1.13-2  libexif-0.6.26-1  libfdk-aac-2.0.3-2  libffi-3.8.0-1  libfontenc-1.1.9-1  libfreeaptx-0.2.2-1  libgcc-16.2.1+r23+gd564253eb6c8-1  libgcrypt-1.12.4-1  libgee-0.20.8-1  libgfortran-16.2.1+r23+gd564253eb6c8-1  libgirepository-1.86.0-2  libglvnd-1.7.0-3  libgnomekbd-1:3.28.1-2  libgomp-16.2.1+r23+gd564253eb6c8-1  libgpg-error-1.61-1  libgtop-2.41.3-2  libgudev-238-3  libhwasan-16.2.1+r23+gd564253eb6c8-1  libice-1.1.2-1  libidn2-2.3.8-1  libiec61883-1.2.0-9  libimagequant-4.4.1-2  libimobiledevice-1.4.0-2  libimobiledevice-glue-1.3.2-1  libinih-62-2  libinput-1.32.0-1  libisl-0.28-1  libjpeg-turbo-3.2.0-2  libjxl-0.12.0-1  libksba-1.8.1-1  liblc3-1.1.3-2  libldac-2.0.2.6-1  libldap-2.7.1-1  liblsan-16.2.1+r23+gd564253eb6c8-1  libmakepkg-dropins-20-2  libmd-1.3.0-1  libmm-glib-1.24.2-1  libmnl-1.0.5-2  libmodplug-0.8.9.0-7  libmpc-1.4.1-1  libmpdclient-2.27-1  libmysofa-1.3.5-1  libndp-1.9-1  libnetfilter_conntrack-1.1.1-1  libnewt-0.52.25-2  libnfnetlink-1.0.2-2  libnftnl-1.3.2-1  libnghttp2-1.70.0-1  libnghttp3-1.18.0-1  libngtcp2-1.25.0-1  libnice-0.1.24-1  libnl-3.12.0-1  libnm-1.58.1-2  libnotify-0.8.8-1  libnsl-2.0.1-2  libobjc-16.2.1+r23+gd564253eb6c8-1  libogg-1.3.6-1  libopenmpt-0.8.9-1  libp11-kit-0.26.5-1  libpathrs-0.2.6-1  libpcap-1.11.0-1  libpciaccess-0.19-1  libpgm-5.3.128-4  libpipeline-1.5.8-1  libpipewire-1:1.6.9-1  libplacebo-7.360.1-7  libplist-2.7.0-3  libpng-1.6.59-1  libproxy-0.5.12-1  libpsl-0.21.5-2  libpulse-17.0+r98+gb096704c0-1  libquadmath-16.2.1+r23+gd564253eb6c8-1  libraqm-0.11.0-1  libraw1394-2.1.2-4  librsvg-2:2.63.2-1  librsync-1:2.3.4-2  libsamplerate-0.2.2-3  libsasl-2.1.28-5  libseccomp-2.6.0-1  libsecret-0.21.8.2-1  libsigc++-2.12.2-1  libsigc++-3.0-3.8.1-1  libsm-1.2.6-1  libsndfile-1.2.2-4  libsodium-1.0.22-1  libsoup3-3.8.0-1  libsoxr-0.1.3-5  libssh-0.12.2-1  libssh2-1.11.1-7  libstdc++-16.2.1+r23+gd564253eb6c8-1  libstemmer-3.1.1-1  libsysprof-capture-51.0-1  libtasn1-4.21.0-1  libtatsu-1.0.5-1  libteam-1.32-3  libthai-0.1.30-1  libtheora-1.2.0-1  libtiff-4.7.2-1  libtirpc-1.3.8-1  libtool-2.6.2-5  libtsan-16.2.1+r23+gd564253eb6c8-1  libubsan-16.2.1+r23+gd564253eb6c8-1  libunibreak-7.0-1  libunistring-1.4.2-1  libunwind-1.8.3-1  liburing-2.15-1  libusb-1.0.30-1  libusbmuxd-2.1.1-2  libva-2.24.1-1  libvdpau-1.5-4  libverto-0.3.2-6  libvorbis-1.3.7-4  libvpl-2.17.0-1  libvpx-1.17.0-1  libwacom-2.20.0-1  libwebp-1.6.0-2  libwireplumber-0.5.18-1  libx11-1.8.13-2  libxau-1.0.12-1  libxcb-1.17.0-1  libxcomposite-0.4.7-1  libxcrypt-4.5.2-1  libxcrypt-compat-4.5.2-1  libxcursor-1.2.3-1  libxcvt-0.1.3-1  libxdamage-1.1.7-1  libxdmcp-1.1.5-2  libxext-1.3.7-1  libxfce4ui-4.20.2-1  libxfce4util-4.20.1-1  libxfixes-6.0.2-1  libxfont2-2.0.9-1  libxft-2.3.9-1  libxi-1.8.3-1  libxinerama-1.1.6-1  libxkbcommon-1.13.2-1  libxkbcommon-x11-1.13.2-1  libxkbfile-1.2.0-1  libxklavier-5.4-7  libxml2-2.15.4-1  libxmu-1.3.1-1  libxrandr-1.5.5-1  libxrender-0.9.12-1  libxres-1.2.3-1  libxshmfence-1.3.3-1  libxss-1.2.5-1  libxt-1.3.1-1  libxtst-1.2.5-1  libxv-1.0.13-1  libxxf86vm-1.1.7-1  libyuv-r2921+644251f25-1  libzip-1.11.4-1  licenses-20240728-1  lilv-0.28.0-1  linux-api-headers-7.2-1  linux-firmware-amd-20260916-1  linux-firmware-amdgpu-20260916-1  linux-firmware-atheros-20260916-1  linux-firmware-broadcom-20260916-1  linux-firmware-cirrus-20260916-1  linux-firmware-intel-20260916-1  linux-firmware-mediatek-20260916-1  linux-firmware-nvidia-20260916-1  linux-firmware-other-20260916-1  linux-firmware-radeon-20260916-1  linux-firmware-realtek-20260916-1  linux-firmware-ti-20260916-1  linux-firmware-whence-20260916-1  llvm-libs-23.1.1-1  lm_sensors-1:3.6.2-1  lmdb-0.9.35-1  lsb-release-2.0.r55.a25a4fc-1  lsof-4.99.7-1  lua-5.5.1-1  lua54-5.4.9-1  luajit-2.1.1788856981+c6ffc14-1  lv2-1.18.10-2  lz4-1:1.10.0-2  lzo-2.10-5  m4-1.4.21-2  mailcap-2.1.54-3  make-4.4.1-3  md4c-0.6.0-2  ministream-0.99.1-1  mkinitcpio-busybox-1.36.1-1  mobile-broadband-provider-info-20251101-1  mpdecimal-4.0.1-3  mpfr-4.2.2-1  mpg123-1.33.7-1  mtdev-1.1.7-1  muparser-2.3.5-2  ncurses-6.6-2  nettle-4.0-1  nftables-1:1.1.7-3  npth-1.8-1  nspr-4.40-1  nss-3.131-1  numactl-2.0.19-1  ocl-icd-2.3.5-1  oniguruma-6.9.10-1  opencore-amr-0.1.6-2  openjpeg2-2.5.4-1  openssl-3.6.5-1  opus-1.6.1-1  orc-0.4.44-1  p11-kit-0.26.5-1  pacman-7.1.0.r9.g54d9411-2  pacman-mirrorlist-20260610-1  pam-1.7.3-1  pambase-20260616-1  pango-1:1.58.2-1  pangomm-2.46.5-1  pangomm-2.48-2.58.0-1  patch-2.8-1  pciutils-3.15.0-1  pcre-8.45-5  pcre2-10.49-1  pcsclite-2.5.2-1  perl-5.42.2-2  perl-error-0.17030-3  perl-mailtools-2.22-3  perl-timedate-2.35-1  pinentry-1.3.3-1  pipewire-audio-1:1.6.9-1  pixman-0.46.4-1  pkgconf-3.0.7-1  playerctl-2.4.1-5  polkit-127-3  polkit-qt6-0.201.1-1  popt-1.19-2  portaudio-1:19.7.0-4  pps-tools-1.0.3-2  procps-ng-4.0.7-1  psmisc-23.7-2  pugixml-1.16-1  python-3.14.7-1  python-cairo-1.29.2-1  python-contourpy-1.4.0-1  python-cycler-0.12.1-4  python-dateutil-2.9.0-8  python-fonttools-4.66.1-1  python-gobject-3.58.0-1  python-kiwisolver-1.5.1-1  python-matplotlib-3.11.2-1  python-numpy-2.5.3-1  python-packaging-26.3-1  python-pillow-12.3.0-1  python-pyparsing-3.3.3-1  python-setproctitle-1.3.7-2  python-six-1.17.0-3  qhull-2020.2-6  qt6-base-6.12.0-2  qt6-declarative-6.12.0-1  qt6-svg-6.12.0-1  qt6-translations-6.12.0-1  rav1e-0.8.1-3  re2-2:2025.11.05-6  readline-8.3.6-1  rsync-3.5.1-2  rubberband-4.0.0-2  run-parts-5.24-1  runc-1.5.2-1  sbc-2.2-1  sdbus-cpp-2.3.1-1  sdl2-compat-2.32.74-1  sdl3-3.4.18-1  seatd-0.9.3-1  sed-4.10-2  serd-0.32.10-1  shaderc-2026.4-1  shadow-4.20.0.arch1-1  shared-mime-info-2.5.1-2  slang-2.3.3-4  slurp-1.5.0-2  snappy-1.2.2-3  sndio-1.10.0-1  sord-0.16.22-1  sound-theme-freedesktop-0.8-6  source-highlight-3.1.9-19  spandsp-0.0.6-7  spdlog-1.17.0-2  speex-1.2.1-2  speexdsp-1.2.1-2  spirv-tools-1:1.4.363.0-1  sqlite-3.53.4-1  sratom-0.6.22-1  srt-1.5.7-1  startup-notification-0.12-9  steam-devices-1.0.0.87-3  sudo-1.9.17.p2-6  svt-av1-4.2.0-1  systemd-262-1  systemd-libs-262-1  systemd-sysvcompat-262-1  tar-1.35-5  tdb-1.4.15-2  texinfo-7.3-1  tinysparql-3.12.0-1  tomlplusplus-3.4.0-2  tpm2-tss-4.2.0-2  tslib-1.24-1  tzdata-2026e-1  upower-1.91.5-1  usbutils-019-1  util-linux-2.42.4-1  util-linux-libs-2.42.4-1  v4l-utils-1.32.0-2  vapoursynth-80-1  vid.stab-1.1.2-1  vmaf-3.2.1-1  vte-common-0.84.1-1  vte3-0.84.1-1  vulkan-icd-loader-1.4.363.0-1  vulkan-mesa-implicit-layers-1:26.2.4-1  wayland-1.26.0-1  wayland-protocols-1.49-1  webrtc-audio-processing-1-1.3-5  which-2.25-1  wl-clipboard-1:2.3.0-1  wpa_supplicant-2:2.12-1  x264-3:0.165.r3222.b35605a-2  x265-4.3-1  xapp-3.2.3-1  xapp-symbolic-icons-1.1.0-1  xcb-proto-1.17.0-4  xcb-util-0.4.1-2  xcb-util-cursor-0.1.6-1  xcb-util-errors-1.0.1-2  xcb-util-image-0.4.1-3  xcb-util-keysyms-0.4.1-5  xcb-util-renderutil-0.3.10-2  xcb-util-wm-0.4.2-2  xdg-desktop-portal-1.22.1-2  xdg-user-dirs-0.20-1  xdg-utils-1.2.1-2  xfconf-4.20.0-2  xkeyboard-config-2.48-1  xorg-fonts-encodings-1.1.0-2  xorg-server-common-21.1.25-1  xorg-setxkbmap-1.3.5-1  xorg-xkbcomp-1.5.0-1  xorg-xprop-1.2.8-1  xorg-xrandr-1.5.4-1  xorg-xwayland-24.1.14-1  xorgproto-2026.1-1  xvidcore-1.3.7-4  xxhash-0.8.4-1  xz-5.8.4-1  zenity-4.2.2-1  zeromq-4.3.5-3  zimg-3.0.6-2  zix-0.8.2-1  zlib-1:1.3.2-3  zlib-ng-2.3.3-1  zstd-1.5.7-3  amd-ucode-20260916-1  base-3-3  base-devel-1-2  blueman-2.4.6-2  bluez-5.87-2  bluez-utils-5.87-2  btrfs-progs-7.1-1  docker-1:29.9.0-1  docker-buildx-0.38.0-1  docker-compose-5.6.0-1  dosfstools-4.2-5  firefox-157.0.1-1  gamemode-1.8.2-3  gamescope-3.16.31-1  git-2.56.0-1  hyprland-0.56.2-4  hyprpicker-0.4.7-4  hyprpolkitagent-0.2.0-1  hyprshot-1.3.0-4  intel-ucode-20260925-1  kitty-0.49.2-1  lib32-gamemode-1.8.2-1  lib32-mangohud-0.8.4-1  lib32-mesa-1:26.2.4-1  lib32-vulkan-radeon-1:26.2.4-1  linux-firmware-20260916-1  linux-lts-6.18.55-1  linux-zen-7.2.9.zen1-1  mako-1.11.0-1  man-db-2.13.1-2  man-pages-6.19-1  mangohud-0.8.4-1  mesa-1:26.2.4-1  mkinitcpio-42.2-1  nano-9.2-1  networkmanager-1.58.1-2  noto-fonts-1:2026.10.01-1  noto-fonts-emoji-1:2.051-1  pacman-contrib-1.13.1-1  pavucontrol-1:6.2-1  pipewire-1:1.6.9-1  pipewire-alsa-1:1.6.9-1  pipewire-jack-1:1.6.9-1  pipewire-pulse-1:1.6.9-1  qt6-wayland-6.12.0-1  steam-1.0.0.87-3  thunar-4.20.10-1  timeshift-26.09.0-1  ttf-liberation-2.1.5-2  vulkan-radeon-1:26.2.4-1  waybar-0.15.0-3  wireplumber-0.5.18-1  wofi-1.5.3-1  xdg-desktop-portal-gtk-1.15.3-1  xdg-desktop-portal-hyprland-1.4.1-2  xorg-xhost-1.0.10-1  zsh-5.9.2-1  zsh-autosuggestions-0.7.1-1  zsh-syntax-highlighting-0.8.0-2

Total Download Size:   1719.05 MiB
Total Installed Size:  4666.08 MiB

:: Proceed with installation? [Y/n] 
:: Retrieving packages...
 linux-zen-7.2.9.zen1-1-x86_64 downloading...
 linux-lts-6.18.55-1-x86_64 downloading...
 linux-firmware-intel-20260916-1-any downloading...
 linux-firmware-nvidia-20260916-1-any downloading...
 firefox-157.0.1-1-x86_64 downloading...
 gcc-16.2.1+r23+gd564253eb6c8-1-x86_64 downloading...
 linux-firmware-atheros-20260916-1-any downloading...
 hyprland-0.56.2-4-x86_64 downloading...
 lib32-llvm-libs-1:23.1.1-1-x86_64 downloading...
 llvm-libs-23.1.1-1-x86_64 downloading...
 linux-firmware-mediatek-20260916-1-any downloading...
 docker-1:29.9.0-1-x86_64 downloading...
 noto-fonts-1:2026.10.01-1-any downloading...
 linux-firmware-amdgpu-20260916-1-any downloading...
 perl-5.42.2-2-x86_64 downloading...
 containerd-2.4.1-1-x86_64 downloading...
 qt6-declarative-6.12.0-1-x86_64 downloading...
 linux-firmware-other-20260916-1-any downloading...
 steam-1.0.0.87-3-x86_64 downloading...
 kitty-0.49.2-1-x86_64 downloading...
 docker-buildx-0.38.0-1-x86_64 downloading...
 qt6-base-6.12.0-2-x86_64 downloading...
 ffmpeg-2:9.0.2-2-x86_64 downloading...
 python-3.14.7-1-x86_64 downloading...
 mesa-1:26.2.4-1-x86_64 downloading...
 lib32-mesa-1:26.2.4-1-x86_64 downloading...
 linux-firmware-broadcom-20260916-1-any downloading...
 intel-ucode-20260925-1-any downloading...
 icu-78.3-1-x86_64 downloading...
 lib32-icu-78.3-1-x86_64 downloading...
 lib32-gcc-libs-16.2.1+r23+gd564253eb6c8-1-x86_64 downloading...
 systemd-262-1-x86_64 downloading...
 glibc-2.44+r50+g1848099f063e-1-x86_64 downloading...
 gtk4-1:4.24.1-1-x86_64 downloading...
 noto-fonts-emoji-1:2.051-1-any downloading...
 gtk3-1:3.24.52-2-x86_64 downloading...
 guile-3.0.11-1-x86_64 downloading...
 binutils-2.47-4-x86_64 downloading...
 docker-compose-5.6.0-1-x86_64 downloading...
 gdb-18.1-1-x86_64 downloading...
 python-numpy-2.5.3-1-x86_64 downloading...
 git-2.56.0-1-x86_64 downloading...
 linux-firmware-realtek-20260916-1-any downloading...
 python-matplotlib-3.11.2-1-x86_64 downloading...
 util-linux-2.42.4-1-x86_64 downloading...
 boost-libs-1.92.0-1-x86_64 downloading...
 linux-firmware-ti-20260916-1-any downloading...
 man-pages-6.19-1-any downloading...
 openssl-3.6.5-1-x86_64 downloading...
 glib2-2.90.1-1-x86_64 downloading...
 lapack-3.12.1-2-x86_64 downloading...
 glycin-2.2.2-1-x86_64 downloading...
 networkmanager-1.58.1-2-x86_64 downloading...
 lib32-glibc-2.44+r50+g1848099f063e-1-x86_64 downloading...
 iso-codes-4.20.1-1-any downloading...
 vulkan-radeon-1:26.2.4-1-x86_64 downloading...
 lib32-vulkan-radeon-1:26.2.4-1-x86_64 downloading...
 opus-1.6.1-1-x86_64 downloading...
 lib32-opus-1.6.1-1-x86_64 downloading...
 gettext-1.0-2-x86_64 downloading...
 vapoursynth-80-1-x86_64 downloading...
 gst-plugins-bad-libs-1.28.7-3-x86_64 downloading...
 python-fonttools-4.66.1-1-x86_64 downloading...
 aom-3.15.1-1-x86_64 downloading...
 linux-firmware-cirrus-20260916-1-any downloading...
 coreutils-9.12-2-x86_64 downloading...
 gnupg-2.4.9-3-x86_64 downloading...
 runc-1.5.2-1-x86_64 downloading...
 fftw-3.3.11-1-x86_64 downloading...
 zenity-4.2.2-1-x86_64 downloading...
 glslang-1:1.4.363.0-1-x86_64 downloading...
 gst-plugins-base-libs-1.28.7-3-x86_64 downloading...
 groff-1.24.2-1-x86_64 downloading...
 sqlite-3.53.4-1-x86_64 downloading...
 librsvg-2:2.63.2-1-x86_64 downloading...
 zsh-5.9.2-1-x86_64 downloading...
 linux-firmware-radeon-20260916-1-any downloading...
 wpa_supplicant-2:2.12-1-x86_64 downloading...
 adwaita-fonts-51.0-2-any downloading...
 adwaita-icon-theme-legacy-46.2-3-any downloading...
 texinfo-7.3-1-x86_64 downloading...
 spirv-tools-1:1.4.363.0-1-x86_64 downloading...
 gstreamer-1.28.7-3-x86_64 downloading...
 x265-4.3-1-x86_64 downloading...
 lib32-openssl-1:3.6.5-1-x86_64 downloading...
 qt6-translations-6.12.0-1-any downloading...
 libx11-1.8.13-2-x86_64 downloading...
 mangohud-0.8.4-1-x86_64 downloading...
 v4l-utils-1.32.0-2-x86_64 downloading...
 svt-av1-4.2.0-1-x86_64 downloading...
 bash-5.3.20-1-x86_64 downloading...
 libjxl-0.12.0-1-x86_64 downloading...
 sudo-1.9.17.p2-6-x86_64 downloading...
 gnutls-3.8.13-3-x86_64 downloading...
 lib32-spirv-tools-1:1.4.363.0-1-x86_64 downloading...
 nss-3.131-1-x86_64 downloading...
 sdl3-3.4.18-1-x86_64 downloading...
 hwdata-0.412-1-any downloading...
 pcre2-10.49-1-x86_64 downloading...
 lib32-mangohud-0.8.4-1-x86_64 downloading...
 rav1e-0.8.1-3-x86_64 downloading...
 thunar-4.20.10-1-x86_64 downloading...
 gtkmm-4.0-4.24.0-1-x86_64 downloading...
 leancrypto-1.9.1-1-x86_64 downloading...
 ttf-liberation-2.1.5-2-any downloading...
 linux-api-headers-7.2-1-x86_64 downloading...
 libpipewire-1:1.6.9-1-x86_64 downloading...
 gawk-5.4.1-1-x86_64 downloading...
 systemd-libs-262-1-x86_64 downloading...
 gtkmm3-3.24.11-1-x86_64 downloading...
 blueman-2.4.6-2-x86_64 downloading...
 harfbuzz-14.6.0-1-x86_64 downloading...
 abseil-cpp-20260817.0-2-x86_64 downloading...
 krb5-1.22.2-1-x86_64 downloading...
 libsamplerate-0.2.2-3-x86_64 downloading...
 libvpx-1.17.0-1-x86_64 downloading...
 pipewire-audio-1:1.6.9-1-x86_64 downloading...
 curl-8.22.0-1-x86_64 downloading...
 btrfs-progs-7.1-1-x86_64 downloading...
 kbd-2.10.0-1-x86_64 downloading...
 lib32-libpipewire-1:1.6.9-1-x86_64 downloading...
 db5.3-5.3.28-7-x86_64 downloading...
 qhull-2020.2-6-x86_64 downloading...
 gamescope-3.16.31-1-x86_64 downloading...
 e2fsprogs-1.47.4-1-x86_64 downloading...
 lib32-glib2-2.90.1-1-x86_64 downloading...
 archlinux-keyring-20260909-1-any downloading...
 highway-1.4.0-1-x86_64 downloading...
 iproute2-7.2.0-1-x86_64 downloading...
 shadow-4.20.0.arch1-1-x86_64 downloading...
 ncurses-6.6-2-x86_64 downloading...
 lib32-nss-3.131-1-x86_64 downloading...
 man-db-2.13.1-2-x86_64 downloading...
 gpsd-3.27.5-1-x86_64 downloading...
 bluez-utils-5.87-2-x86_64 downloading...
 libmysofa-1.3.5-1-x86_64 downloading...
 glibmm-2.68-2.90.0-1-x86_64 downloading...
 tinysparql-3.12.0-1-x86_64 downloading...
 glibmm-2.66.10-1-x86_64 downloading...
 pcre-8.45-5-x86_64 downloading...
 tpm2-tss-4.2.0-2-x86_64 downloading...
 xorg-xwayland-24.1.14-1-x86_64 downloading...
 procps-ng-4.0.7-1-x86_64 downloading...
 libxcb-1.17.0-1-x86_64 downloading...
 pacman-7.1.0.r9.g54d9411-2-x86_64 downloading...
 libisl-0.28-1-x86_64 downloading...
 lib32-systemd-262-1-x86_64 downloading...
 python-pillow-12.3.0-1-x86_64 downloading...
 libnm-1.58.1-2-x86_64 downloading...
 libgfortran-16.2.1+r23+gd564253eb6c8-1-x86_64 downloading...
 libopenmpt-0.8.9-1-x86_64 downloading...
 libpathrs-0.2.6-1-x86_64 downloading...
 linux-firmware-amd-20260916-1-any downloading...
 libbluray-1.5.1-1-x86_64 downloading...
 openjpeg2-2.5.4-1-x86_64 downloading...
 xkeyboard-config-2.48-1-any downloading...
 gsettings-desktop-schemas-51.0-1-any downloading...
 cryptsetup-2.8.8-1-x86_64 downloading...
 libstdc++-16.2.1+r23+gd564253eb6c8-1-x86_64 downloading...
 waybar-0.15.0-3-x86_64 downloading...
 qt6-wayland-6.12.0-1-x86_64 downloading...
 lib32-gnutls-3.8.13-3-x86_64 downloading...
 xz-5.8.4-1-x86_64 downloading...
 libcap-2.78-1-x86_64 downloading...
 slang-2.3.3-4-x86_64 downloading...
 libadwaita-1:1.10.0-1-x86_64 downloading...
 timeshift-26.09.0-1-x86_64 downloading...
 libxml2-2.15.4-1-x86_64 downloading...
 lib32-krb5-1.22.2-1-x86_64 downloading...
 lib32-sqlite-3.53.4-1-x86_64 downloading...
 x264-3:0.165.r3222.b35605a-2-x86_64 downloading...
 bison-3.8.2-8-x86_64 downloading...
 shared-mime-info-2.5.1-2-x86_64 downloading...
 tar-1.35-5-x86_64 downloading...
 libgcrypt-1.12.4-1-x86_64 downloading...
 libunistring-1.4.2-1-x86_64 downloading...
 libelf-0.196-1-x86_64 downloading...
 libfdk-aac-2.0.3-2-x86_64 downloading...
 lib32-pipewire-1:1.6.9-1-x86_64 downloading...
 source-highlight-3.1.9-19-x86_64 downloading...
 cairo-1.18.6-1-x86_64 downloading...
 elfutils-0.196-1-x86_64 downloading...
 bluez-5.87-2-x86_64 downloading...
 libimobiledevice-1.4.0-2-x86_64 downloading...
 dav1d-1.5.4-1-x86_64 downloading...
 autoconf-2.73-1-any downloading...
 automake-1.19-1-any downloading...
 nano-9.2-1-x86_64 downloading...
 lib32-libx11-1.8.13-1-x86_64 downloading...
 pam-1.7.3-1-x86_64 downloading...
 libjpeg-turbo-3.2.0-2-x86_64 downloading...
 at-spi2-core-2.62.0.1-1-x86_64 downloading...
 libarchive-3.8.9-1-x86_64 downloading...
 xorg-fonts-encodings-1.1.0-2-any downloading...
 libmm-glib-1.24.2-1-x86_64 downloading...
 lib32-libunistring-1.4.2-1-x86_64 downloading...
 zeromq-4.3.5-3-x86_64 downloading...
 srt-1.5.7-1-x86_64 downloading...
 freetype2-2.14.3-1-x86_64 downloading...
 webrtc-audio-processing-1-1.3-5-x86_64 downloading...
 lib32-pcre2-10.49-1-x86_64 downloading...
 util-linux-libs-2.42.4-1-x86_64 downloading...
 libplacebo-7.360.1-7-x86_64 downloading...
 libxt-1.3.1-1-x86_64 downloading...
 libexif-0.6.26-1-x86_64 downloading...
 alsa-lib-1.2.16.1-1-x86_64 downloading...
 findutils-4.11.0-1-x86_64 downloading...
 libasan-16.2.1+r23+gd564253eb6c8-1-x86_64 downloading...
 libp11-kit-0.26.5-1-x86_64 downloading...
 make-4.4.1-3-x86_64 downloading...
 hyprtoolkit-0.6.0-1-x86_64 downloading...
 zstd-1.5.7-3-x86_64 downloading...
 lib32-libxml2-2.15.4-1-x86_64 downloading...
 lib32-libgcrypt-1.12.4-1-x86_64 downloading...
 gperftools-2.18.1-1-x86_64 downloading...
 gdk-pixbuf2-2.44.8-1-x86_64 downloading...
 vmaf-3.2.1-1-x86_64 downloading...
 vte3-0.84.1-1-x86_64 downloading...
 speex-1.2.1-2-x86_64 downloading...
 sdl2-compat-2.32.74-1-x86_64 downloading...
 lib32-libnm-1.58.1-2-x86_64 downloading...
 libtsan-16.2.1+r23+gd564253eb6c8-1-x86_64 downloading...
 mpg123-1.33.7-1-x86_64 downloading...
 aquamarine-0.15.1-1-x86_64 downloading...
 avahi-1:0.9rc5-1-x86_64 downloading...
 nettle-4.0-1-x86_64 downloading...
 nftables-1:1.1.7-3-x86_64 downloading...
 file-5.48-1-x86_64 downloading...
 speexdsp-1.2.1-2-x86_64 downloading...
 lib32-curl-8.22.0-1-x86_64 downloading...
 xdg-desktop-portal-1.22.1-2-x86_64 downloading...
 lib32-p11-kit-0.26.5-1-x86_64 downloading...
 gmp-6.3.0-3-x86_64 downloading...
 pango-1:1.58.2-1-x86_64 downloading...
 mpfr-4.2.2-1-x86_64 downloading...
 lib32-util-linux-2.42.4-1-x86_64 downloading...
 libtheora-1.2.0-1-x86_64 downloading...
 libtool-2.6.2-5-x86_64 downloading...
 libsoup3-3.8.0-1-x86_64 downloading...
 rsync-3.5.1-2-x86_64 downloading...
 libnl-3.12.0-1-x86_64 downloading...
 spandsp-0.0.6-7-x86_64 downloading...
 iptables-1:1.8.13-1-x86_64 downloading...
 glfw-1:3.5.1-1-x86_64 downloading...
 readline-8.3.6-1-x86_64 downloading...
 polkit-127-3-x86_64 downloading...
 libtiff-4.7.2-1-x86_64 downloading...
 fontconfig-2:2.18.3-2-x86_64 downloading...
 audit-4.2.1-1-x86_64 downloading...
 iana-etc-20260617-1-any downloading...
 libpulse-17.0+r98+gb096704c0-1-x86_64 downloading...
 gtest-1.18.0-1-x86_64 downloading...
 lib32-alsa-lib-1.2.16.1-1-x86_64 downloading...
 brotli-1.2.0-1-x86_64 downloading...
 glew-2.3.1-1-x86_64 downloading...
 libxfce4ui-4.20.2-1-x86_64 downloading...
 lua-5.5.1-1-x86_64 downloading...
 ca-certificates-mozilla-3.131-1-x86_64 downloading...
 lib32-freetype2-2.14.3-1-x86_64 downloading...
 sound-theme-freedesktop-0.8-6-any downloading...
 lua54-5.4.9-1-x86_64 downloading...
 adwaita-cursors-51.0-1-any downloading...
 libdrm-2.4.134-1-x86_64 downloading...
 orc-0.4.44-1-x86_64 downloading...
 dbus-1.16.2-1-x86_64 downloading...
 diffutils-3.12-2-x86_64 downloading...
 luajit-2.1.1788856981+c6ffc14-1-x86_64 downloading...
 lib32-brotli-1.2.0-2-x86_64 downloading...
 flac-1.5.0-1-x86_64 downloading...
 lib32-nettle-4.0-2-x86_64 downloading...
 gpgme-2.2.0-1-x86_64 downloading...
 libwebp-1.6.0-2-x86_64 downloading...
 libglvnd-1.7.0-3-x86_64 downloading...
 lib32-zstd-1.5.7-2-x86_64 downloading...
 lib32-libelf-0.196-2-x86_64 downloading...
 exo-4.20.0-2-x86_64 downloading...
 python-gobject-3.58.0-1-x86_64 downloading...
 libnice-0.1.24-1-x86_64 downloading...
 l-smash-2.14.5-4-x86_64 downloading...
 python-dateutil-2.9.0-8-any downloading...
 device-mapper-2.03.43-2-x86_64 downloading...
 libavif-1.4.2-1-x86_64 downloading...
 libsndfile-1.2.2-4-x86_64 downloading...
 lame-4.0-1-x86_64 downloading...
 libpcap-1.11.0-1-x86_64 downloading...
 libwireplumber-0.5.18-1-x86_64 downloading...
 wireplumber-0.5.18-1-x86_64 downloading...
 qt6-svg-6.12.0-1-x86_64 downloading...
 tzdata-2026e-1-x86_64 downloading...
 libepoxy-1.5.10-3-x86_64 downloading...
 rubberband-4.0.0-2-x86_64 downloading...
 xdg-desktop-portal-hyprland-1.4.1-2-x86_64 downloading...
 flex-2.6.4-6-x86_64 downloading...
 libevent-2.1.13-2-x86_64 downloading...
 libldap-2.7.1-1-x86_64 downloading...
 pixman-0.46.4-1-x86_64 downloading...
 libcups-2:2.4.20-1-x86_64 downloading...
 libdovi-3.4.0-1-x86_64 downloading...
 libxkbcommon-1.13.2-1-x86_64 downloading...
 pipewire-1:1.6.9-1-x86_64 downloading...
 libgee-0.20.8-1-x86_64 downloading...
 mkinitcpio-busybox-1.36.1-1-x86_64 downloading...
 lib32-gmp-6.3.0-2-x86_64 downloading...
 libgpg-error-1.61-1-x86_64 downloading...
 libhwasan-16.2.1+r23+gd564253eb6c8-1-x86_64 downloading...
 m4-1.4.21-2-x86_64 downloading...
 python-contourpy-1.4.0-1-x86_64 downloading...
 libthai-0.1.30-1-x86_64 downloading...
 libbpf-1.7.0-1-x86_64 downloading...
 liburing-2.15-1-x86_64 downloading...
 libimagequant-4.4.1-2-x86_64 downloading...
 python-pyparsing-3.3.3-1-any downloading...
 libyuv-r2921+644251f25-1-x86_64 downloading...
 libssh-0.12.2-1-x86_64 downloading...
 libssh2-1.11.1-7-x86_64 downloading...
 libpng-1.6.59-1-x86_64 downloading...
 psmisc-23.7-2-x86_64 downloading...
 python-packaging-26.3-1-any downloading...
 libzip-1.11.4-1-x86_64 downloading...
 p11-kit-0.26.5-1-x86_64 downloading...
 gdbm-1.26-2-x86_64 downloading...
 sdbus-cpp-2.3.1-1-x86_64 downloading...
 blas-3.12.1-2-x86_64 downloading...
 xapp-3.2.3-1-x86_64 downloading...
 amd-ucode-20260916-1-any downloading...
 xorgproto-2026.1-1-any downloading...
 zimg-3.0.6-2-x86_64 downloading...
 libvpl-2.17.0-1-x86_64 downloading...
 grep-3.12-2-x86_64 downloading...
 gc-8.2.12-1-x86_64 downloading...
 re2-2:2025.11.05-6-x86_64 downloading...
 lcms2-2.19.1-1-x86_64 downloading...
 libinput-1.32.0-1-x86_64 downloading...
 libgomp-16.2.1+r23+gd564253eb6c8-1-x86_64 downloading...
 cpio-2.15-3-x86_64 downloading...
 liblsan-16.2.1+r23+gd564253eb6c8-1-x86_64 downloading...
 lib32-e2fsprogs-1.47.4-1-x86_64 downloading...
 libngtcp2-1.25.0-1-x86_64 downloading...
 oniguruma-6.9.10-1-x86_64 downloading...
 hyprcursor-0.1.13-7-x86_64 downloading...
 xvidcore-1.3.7-4-x86_64 downloading...
 lib32-ncurses-6.6-2-x86_64 downloading...
 pavucontrol-1:6.2-1-x86_64 downloading...
 pipewire-pulse-1:1.6.9-1-x86_64 downloading...
 libsodium-1.0.22-1-x86_64 downloading...
 hyprutils-0.14.2-1-x86_64 downloading...
 sed-4.10-2-x86_64 downloading...
 jq-1.8.2-1-x86_64 downloading...
 libubsan-16.2.1+r23+gd564253eb6c8-1-x86_64 downloading...
 libva-2.24.1-1-x86_64 downloading...
 lib32-libglvnd-1.7.0-1-x86_64 downloading...
 nspr-4.40-1-x86_64 downloading...
 fmt-12.2.0-1-x86_64 downloading...
 hyprwire-0.3.1-3-x86_64 downloading...
 adwaita-icon-theme-51.0-1-any downloading...
 libogg-1.3.6-1-x86_64 downloading...
 lib32-libngtcp2-1.25.0-1-x86_64 downloading...
 lib32-libxcb-1.17.0-1-x86_64 downloading...
 libgtop-2.41.3-2-x86_64 downloading...
 vulkan-icd-loader-1.4.363.0-1-x86_64 downloading...
 libwacom-2.20.0-1-x86_64 downloading...
 libcolord-1.4.8-1-x86_64 downloading...
 xfconf-4.20.0-2-x86_64 downloading...
 libvorbis-1.3.7-4-x86_64 downloading...
 jsoncpp-1.9.8-1-x86_64 downloading...
 hyprland-guiutils-0.2.2-4-x86_64 downloading...
 libpgm-5.3.128-4-x86_64 downloading...
 libtirpc-1.3.8-1-x86_64 downloading...
 lib32-vulkan-icd-loader-1.4.363.0-1-x86_64 downloading...
 libsecret-0.21.8.2-1-x86_64 downloading...
 duktape-2.7.0-7-x86_64 downloading...
 json-glib-1.10.8-1-x86_64 downloading...
 muparser-2.3.5-2-x86_64 downloading...
 upower-1.91.5-1-x86_64 downloading...
 tomlplusplus-3.4.0-2-x86_64 downloading...
 pipewire-jack-1:1.6.9-1-x86_64 downloading...
 libmodplug-0.8.9.0-7-x86_64 downloading...
 less-1:710-1-x86_64 downloading...
 pinentry-1.3.3-1-x86_64 downloading...
 lib32-libldap-2.7.1-1-x86_64 downloading...
 lib32-libxkbcommon-1.13.2-1-x86_64 downloading...
 libquadmath-16.2.1+r23+gd564253eb6c8-1-x86_64 downloading...
 lib32-fontconfig-2:2.18.3-1-x86_64 downloading...
 libplist-2.7.0-3-x86_64 downloading...
 shaderc-2026.4-1-x86_64 downloading...
 lib32-glew-2.3.1-1-x86_64 downloading...
 libbsd-0.12.2-2-x86_64 downloading...
 spdlog-1.17.0-2-x86_64 downloading...
 xapp-symbolic-icons-1.1.0-1-any downloading...
 glu-9.0.3-3-x86_64 downloading...
 lz4-1:1.10.0-2-x86_64 downloading...
 lib32-libxt-1.3.1-1-x86_64 downloading...
 lsof-4.99.7-1-x86_64 downloading...
 lv2-1.18.10-2-x86_64 downloading...
 libxi-1.8.3-1-x86_64 downloading...
 libksba-1.8.1-1-x86_64 downloading...
 glib-networking-1:2.90.0-1-x86_64 downloading...
 pciutils-3.15.0-1-x86_64 downloading...
 wayland-1.26.0-1-x86_64 downloading...
 libstemmer-3.1.1-1-x86_64 downloading...
 libgirepository-1.86.0-2-x86_64 downloading...
 acl-2.4.0-1-x86_64 downloading...
 dbus-broker-37-3-x86_64 downloading...
 libsasl-2.1.28-5-x86_64 downloading...
 fuse3-3.18.3-1-x86_64 downloading...
 lib32-libdrm-2.4.134-1-x86_64 downloading...
 opencore-amr-0.1.6-2-x86_64 downloading...
 libxfce4util-4.20.1-1-x86_64 downloading...
 libdvdread-7.1.1-1-x86_64 downloading...
 lib32-glu-9.0.3-2-x86_64 downloading...
 iputils-20250605-1-x86_64 downloading...
 libgnomekbd-1:3.28.1-2-x86_64 downloading...
 gpm-1.20.7.r38.ge82d1a6-7-x86_64 downloading...
 wayland-protocols-1.49-1-any downloading...
 dosfstools-4.2-5-x86_64 downloading...
 lm_sensors-1:3.6.2-1-x86_64 downloading...
 expat-2.9.0-1-x86_64 downloading...
 libtasn1-4.21.0-1-x86_64 downloading...
 libidn2-2.3.8-1-x86_64 downloading...
 libunwind-1.8.3-1-x86_64 downloading...
 alsa-ucm-conf-1.2.16.1-1-any downloading...
 lib32-libpng-1.6.59-1-x86_64 downloading...
 kmod-34.2-1-x86_64 downloading...
 xcb-proto-1.17.0-4-any downloading...
 gupnp-1:1.6.10-1-x86_64 downloading...
 sndio-1.10.0-1-x86_64 downloading...
 lib32-dbus-1.16.2-1-x86_64 downloading...
 libass-0.17.5-1-x86_64 downloading...
 gnulib-l10n-20241231-1-any downloading...
 gdb-common-18.1-1-x86_64 downloading...
 libdisplay-info-0.3.0-1-x86_64 downloading...
 pkgconf-3.0.7-1-x86_64 downloading...
 hyprpolkitagent-0.2.0-1-x86_64 downloading...
 lib32-libssh2-1.11.1-5-x86_64 downloading...
 liblc3-1.1.3-2-x86_64 downloading...
 pangomm-2.48-2.58.0-1-x86_64 downloading...
 libedit-20260512_3.1-1-x86_64 downloading...
 hyprlang-0.6.8-5-x86_64 downloading...
 pugixml-1.16-1-x86_64 downloading...
 libei-1.6.0-1-x86_64 downloading...
 lib32-nspr-4.40-1-x86_64 downloading...
 lmdb-0.9.35-1-x86_64 downloading...
 libassuan-3.0.0-1-x86_64 downloading...
 zlib-ng-2.3.3-1-x86_64 downloading...
 dconf-51.0-1-x86_64 downloading...
 libteam-1.32-3-x86_64 downloading...
 libdatrie-0.2.14-1-x86_64 downloading...
 usbutils-019-1-x86_64 downloading...
 lib32-xz-5.8.4-1-x86_64 downloading...
 xdg-desktop-portal-gtk-1.15.3-1-x86_64 downloading...
 ocl-icd-2.3.5-1-x86_64 downloading...
 graphene-1.10.8-2-x86_64 downloading...
 licenses-20240728-1-any downloading...
 xxhash-0.8.4-1-x86_64 downloading...
 libxext-1.3.7-1-x86_64 downloading...
 pcsclite-2.5.2-1-x86_64 downloading...
 atkmm-2.28.5-2-x86_64 downloading...
 mpdecimal-4.0.1-3-x86_64 downloading...
 keyutils-1.6.3-4-x86_64 downloading...
 giflib-6.1.3-2-x86_64 downloading...
 tslib-1.24-1-x86_64 downloading...
 portaudio-1:19.7.0-4-x86_64 downloading...
 python-cairo-1.29.2-1-x86_64 downloading...
 libnghttp2-1.70.0-1-x86_64 downloading...
 libxfont2-2.0.9-1-x86_64 downloading...
 pangomm-2.46.5-1-x86_64 downloading...
 vid.stab-1.1.2-1-x86_64 downloading...
 libseccomp-2.6.0-1-x86_64 downloading...
 libnewt-0.52.25-2-x86_64 downloading...
 gzip-1.15-1-x86_64 downloading...
 polkit-qt6-0.201.1-1-x86_64 downloading...
 bluez-libs-5.87-2-x86_64 downloading...
 hyprpicker-0.4.7-4-x86_64 downloading...
 cairomm-1.16-1.18.1-1-x86_64 downloading...
 lib32-libva-2.24.1-1-x86_64 downloading...
 jansson-2.15.1-1-x86_64 downloading...
 libxcrypt-4.5.2-1-x86_64 downloading...
 libmpc-1.4.1-1-x86_64 downloading...
 xorg-xkbcomp-1.5.0-1-x86_64 downloading...
 cronie-1.7.2-2-x86_64 downloading...
 cairomm-1.14.6-1-x86_64 downloading...
 libdbusmenu-glib-18.10.20180917-2-x86_64 downloading...
 hyprland-qt-support-0.1.0-14-x86_64 downloading...
 hyprgraphics-0.5.1-4-x86_64 downloading...
 alsa-plugins-1:1.2.12-6-x86_64 downloading...
 lzo-2.10-5-x86_64 downloading...
 libpsl-0.21.5-2-x86_64 downloading...
 libmpdclient-2.27-1-x86_64 downloading...
 patch-2.8-1-x86_64 downloading...
 graphite-1:1.3.15-1-x86_64 downloading...
 libnghttp3-1.18.0-1-x86_64 downloading...
 numactl-2.0.19-1-x86_64 downloading...
 zlib-1:1.3.2-3-x86_64 downloading...
 libcanberra-1:0.30+r2+gc0620e4-6-x86_64 downloading...
 libsoxr-0.1.3-5-x86_64 downloading...
 md4c-0.6.0-2-x86_64 downloading...
 playerctl-2.4.1-5-x86_64 downloading...
 libusb-1.0.30-1-x86_64 downloading...
 libgcc-16.2.1+r23+gd564253eb6c8-1-x86_64 downloading...
 libice-1.1.2-1-x86_64 downloading...
 gamemode-1.8.2-3-x86_64 downloading...
 lib32-libdisplay-info-0.3.0-1-x86_64 downloading...
 fakeroot-1:1.37.2-3-x86_64 downloading...
 libnftnl-1.3.2-1-x86_64 downloading...
 libxmu-1.3.1-1-x86_64 downloading...
 popt-1.19-2-x86_64 downloading...
 lib32-expat-2.9.0-1-x86_64 downloading...
 libxkbfile-1.2.0-1-x86_64 downloading...
 lib32-libgpg-error-1.61-1-x86_64 downloading...
 tdb-1.4.15-2-x86_64 downloading...
 libxcrypt-compat-4.5.2-1-x86_64 downloading...
 lib32-libxcrypt-compat-4.5.2-1-x86_64 downloading...
 gtk-layer-shell-0.10.1-1-x86_64 downloading...
 fribidi-1.0.17-1-x86_64 downloading...
 lib32-libxcrypt-4.5.2-1-x86_64 downloading...
 attr-2.6.0-1-x86_64 downloading...
 libcap-ng-0.9.6-1-x86_64 downloading...
 lib32-libnghttp3-1.18.0-1-x86_64 downloading...
 mkinitcpio-42.2-1-any downloading...
 libxklavier-5.4-7-x86_64 downloading...
 lib32-libnghttp2-1.70.0-1-x86_64 downloading...
 libsigc++-2.12.2-1-x86_64 downloading...
 wofi-1.5.3-1-x86_64 downloading...
 serd-0.32.10-1-x86_64 downloading...
 lilv-0.28.0-1-x86_64 downloading...
 lib32-alsa-plugins-1.2.12-1-x86_64 downloading...
 libdeflate-1.26-1-x86_64 downloading...
 json-c-0.19-1-x86_64 downloading...
 mobile-broadband-provider-info-20251101-1-any downloading...
 libvdpau-1.5-4-x86_64 downloading...
 perl-timedate-2.35-1-any downloading...
 gssdp-1.6.6-1-x86_64 downloading...
 libxft-2.3.9-1-x86_64 downloading...
 libmd-1.3.0-1-x86_64 downloading...
 libevdev-1.14.0-1-x86_64 downloading...
 xdg-utils-1.2.1-2-any downloading...
 libdvdnav-7.0.0-1-x86_64 downloading...
 perl-mailtools-2.22-3-any downloading...
 bzip2-1.0.8-6-x86_64 downloading...
 double-conversion-3.4.0-1-x86_64 downloading...
 lib32-wayland-1.26.0-1-x86_64 downloading...
 vte-common-0.84.1-1-x86_64 downloading...
 cblas-3.12.1-2-x86_64 downloading...
 mako-1.11.0-1-x86_64 downloading...
 vulkan-mesa-implicit-layers-1:26.2.4-1-x86_64 downloading...
 lib32-libpsl-0.21.5-1-x86_64 downloading...
 libffi-3.8.0-1-x86_64 downloading...
 python-kiwisolver-1.5.1-1-x86_64 downloading...
 lib32-vulkan-mesa-implicit-layers-1:26.2.4-1-x86_64 downloading...
 lib32-libidn2-2.3.8-1-x86_64 downloading...
 libsysprof-capture-51.0-1-x86_64 downloading...
 jbigkit-2.1-8-x86_64 downloading...
 libsigc++-3.0-3.8.1-1-x86_64 downloading...
 debugedit-5.3-2-x86_64 downloading...
 libnetfilter_conntrack-1.1.1-1-x86_64 downloading...
 sbc-2.2-1-x86_64 downloading...
 pacman-contrib-1.13.1-1-x86_64 downloading...
 libdbusmenu-gtk3-18.10.20180917-2-x86_64 downloading...
 lib32-zlib-1.3.2-1-x86_64 downloading...
 libcloudproviders-0.4.1-1-x86_64 downloading...
 libraw1394-2.1.2-4-x86_64 downloading...
 lib32-libxmu-1.3.1-1-x86_64 downloading...
 xdg-user-dirs-0.20-1-x86_64 downloading...
 libsm-1.2.6-1-x86_64 downloading...
 linux-firmware-whence-20260916-1-any downloading...
 libdecor-0.2.5-1-x86_64 downloading...
 libb2-0.98.1-3-x86_64 downloading...
 zix-0.8.2-1-x86_64 downloading...
 libgudev-238-3-x86_64 downloading...
 desktop-file-utils-0.28-1-x86_64 downloading...
 hidapi-0.15.0-1-x86_64 downloading...
 zsh-syntax-highlighting-0.8.0-2-any downloading...
 lib32-libice-1.1.2-1-x86_64 downloading...
 libpipeline-1.5.8-1-x86_64 downloading...
 libnotify-0.8.8-1-x86_64 downloading...
 bubblewrap-0.13.0-1-x86_64 downloading...
 gsm-1.0.24-1-x86_64 downloading...
 seatd-0.9.3-1-x86_64 downloading...
 libraqm-0.11.0-1-x86_64 downloading...
 lib32-json-c-0.19-1-x86_64 downloading...
 librsync-1:2.3.4-2-x86_64 downloading...
 xorg-xrandr-1.5.4-1-x86_64 downloading...
 libobjc-16.2.1+r23+gd564253eb6c8-1-x86_64 downloading...
 lib32-libtasn1-4.21.0-1-x86_64 downloading...
 libldac-2.0.2.6-1-x86_64 downloading...
 sord-0.16.22-1-x86_64 downloading...
 libimobiledevice-glue-1.3.2-1-x86_64 downloading...
 libxv-1.0.13-1-x86_64 downloading...
 run-parts-5.24-1-x86_64 downloading...
 gobject-introspection-runtime-1.86.0-2-x86_64 downloading...
 libiec61883-1.2.0-9-x86_64 downloading...
 snappy-1.2.2-3-x86_64 downloading...
 xcb-util-wm-0.4.2-2-x86_64 downloading...
 libxcursor-1.2.3-1-x86_64 downloading...
 libxkbcommon-x11-1.13.2-1-x86_64 downloading...
 lib32-bzip2-1.0.8-4-x86_64 downloading...
 libavc1394-0.5.4-7-x86_64 downloading...
 wl-clipboard-1:2.3.0-1-x86_64 downloading...
 lib32-libxi-1.8.3-1-x86_64 downloading...
 libproxy-0.5.12-1-x86_64 downloading...
 mailcap-2.1.54-3-any downloading...
 libxrender-0.9.12-1-x86_64 downloading...
 libxtst-1.2.5-1-x86_64 downloading...
 python-six-1.17.0-3-any downloading...
 gupnp-igd-1.6.0-2-x86_64 downloading...
 alsa-card-profiles-1:1.6.9-1-x86_64 downloading...
 npth-1.8-1-x86_64 downloading...
 libusbmuxd-2.1.1-2-x86_64 downloading...
 libunibreak-7.0-1-x86_64 downloading...
 xorg-server-common-21.1.25-1-x86_64 downloading...
 libxrandr-1.5.5-1-x86_64 downloading...
 libxdmcp-1.1.5-2-x86_64 downloading...
 lib32-libxext-1.3.7-1-x86_64 downloading...
 kitty-shell-integration-0.49.2-1-x86_64 downloading...
 xorg-xprop-1.2.8-1-x86_64 downloading...
 lib32-lm_sensors-1:3.6.2-2-x86_64 downloading...
 libnsl-2.0.1-2-x86_64 downloading...
 libpciaccess-0.19-1-x86_64 downloading...
 libinih-62-2-x86_64 downloading...
 perl-error-0.17030-3-any downloading...
 lib32-libffi-3.8.0-1-x86_64 downloading...
 sratom-0.6.22-1-x86_64 downloading...
 libndp-1.9-1-x86_64 downloading...
 libdaemon-0.14-6-x86_64 downloading...
 iniparser-4.3.2-1-x86_64 downloading...
 libfreeaptx-0.2.2-1-x86_64 downloading...
 grim-1.5.0-2-x86_64 downloading...
 startup-notification-0.12-9-x86_64 downloading...
 libverto-0.3.2-6-x86_64 downloading...
 slurp-1.5.0-2-x86_64 downloading...
 ministream-0.99.1-1-x86_64 downloading...
 libbs2b-3.1.0-10-x86_64 downloading...
 lib32-libpciaccess-0.19-1-x86_64 downloading...
 gtk-update-icon-cache-1:4.24.1-1-x86_64 downloading...
 libtatsu-1.0.5-1-x86_64 downloading...
 libebur128-1.2.6-2-x86_64 downloading...
 xcb-util-image-0.4.1-3-x86_64 downloading...
 python-cycler-0.12.1-4-any downloading...
 libnfnetlink-1.0.2-2-x86_64 downloading...
 libasyncns-1:0.8+r3+g68cd5af-3-x86_64 downloading...
 mtdev-1.1.7-1-x86_64 downloading...
 which-2.25-1-x86_64 downloading...
 libxxf86vm-1.1.7-1-x86_64 downloading...
 zsh-autosuggestions-0.7.1-1-any downloading...
 libfontenc-1.1.9-1-x86_64 downloading...
 lib32-libsm-1.2.6-1-x86_64 downloading...
 python-setproctitle-1.3.7-2-x86_64 downloading...
 filesystem-2025.10.12-1-any downloading...
 libxss-1.2.5-1-x86_64 downloading...
 libatomic-16.2.1+r23+gd564253eb6c8-1-x86_64 downloading...
 libxfixes-6.0.2-1-x86_64 downloading...
 xorg-setxkbmap-1.3.5-1-x86_64 downloading...
 alsa-topology-conf-1.2.5.1-4-any downloading...
 xcb-util-errors-1.0.1-2-x86_64 downloading...
 hicolor-icon-theme-0.18-1-any downloading...
 xorg-xhost-1.0.10-1-x86_64 downloading...
 libxcomposite-0.4.7-1-x86_64 downloading...
 xcb-util-0.4.1-2-x86_64 downloading...
 pps-tools-1.0.3-2-x86_64 downloading...
 libxau-1.0.12-1-x86_64 downloading...
 xcb-util-cursor-0.1.6-1-x86_64 downloading...
 libmnl-1.0.5-2-x86_64 downloading...
 ca-certificates-utils-20240618-1-any downloading...
 libxcvt-0.1.3-1-x86_64 downloading...
 libxres-1.2.3-1-x86_64 downloading...
 lib32-libxdmcp-1.1.5-1-x86_64 downloading...
 lib32-gamemode-1.8.2-1-x86_64 downloading...
 libxinerama-1.1.6-1-x86_64 downloading...
 lib32-libxfixes-6.0.2-1-x86_64 downloading...
 lib32-libxxf86vm-1.1.7-1-x86_64 downloading...
 xcb-util-renderutil-0.3.10-2-x86_64 downloading...
 lsb-release-2.0.r55.a25a4fc-1-any downloading...
 lib32-keyutils-1.6.3-4-x86_64 downloading...
 xcb-util-keysyms-0.4.1-5-x86_64 downloading...
 libxdamage-1.1.7-1-x86_64 downloading...
 lib32-libxss-1.2.5-1-x86_64 downloading...
 lib32-libxau-1.0.12-1-x86_64 downloading...
 systemd-sysvcompat-262-1-x86_64 downloading...
 pacman-mirrorlist-20260610-1-any downloading...
 libmakepkg-dropins-20-2-any downloading...
 gsettings-system-schemas-51.0-1-any downloading...
 lib32-xcb-util-keysyms-0.4.1-2-x86_64 downloading...
 libxshmfence-1.3.3-1-x86_64 downloading...
 lib32-libxinerama-1.1.6-1-x86_64 downloading...
 steam-devices-1.0.0.87-3-x86_64 downloading...
 hyprshot-1.3.0-4-any downloading...
 pipewire-alsa-1:1.6.9-1-x86_64 downloading...
 lib32-libxshmfence-1.3.3-1-x86_64 downloading...
 kitty-terminfo-0.49.2-1-x86_64 downloading...
 pambase-20260616-1-any downloading...
 fuse-common-3.18.3-1-x86_64 downloading...
 gcc-libs-16.2.1+r23+gd564253eb6c8-1-x86_64 downloading...
 linux-firmware-20260916-1-any downloading...
 dbus-broker-units-37-3-x86_64 downloading...
 base-3-3-any downloading...
 default-cursors-3-1-any downloading...
 dbus-units-37-3-x86_64 downloading...
 ca-certificates-20240618-1-any downloading...
 base-devel-1-2-any downloading...
checking keyring...
checking package integrity...
loading package files...
checking for file conflicts...
checking available disk space...
:: Processing package changes...
installing iana-etc...
installing filesystem...
warning: directory permissions differ on /mnt/boot/
filesystem: 700  package: 755
installing linux-api-headers...
installing tzdata...
Optional dependencies for tzdata
    bash: for tzselect [pending]
    glibc: for zdump, zic [pending]
installing glibc...
Optional dependencies for glibc
    gd: for memusagestat
    perl: for mtrace [pending]
installing libgcc...
installing libstdc++...
installing libasan...
installing libatomic...
installing libgfortran...
installing libgomp...
installing libhwasan...
installing liblsan...
installing libobjc...
installing libquadmath...
installing libtsan...
installing libubsan...
installing gcc-libs...
installing ncurses...
Optional dependencies for ncurses
    bash: for ncursesw6-config [pending]
installing readline...
installing bash...
Optional dependencies for bash
    bash-completion: for tab completion
installing acl...
installing attr...
installing gmp...
installing zlib...
installing sqlite...
installing util-linux-libs...
Optional dependencies for util-linux-libs
    python: python bindings to libmount [pending]
installing e2fsprogs...
Optional dependencies for e2fsprogs
    lvm2: for e2scrub
    util-linux: for e2scrub [pending]
    smtp-forwarder: for e2scrub_fail script
installing keyutils...
installing gdbm...
installing brotli...
installing xz...
installing lz4...
installing zstd...
installing openssl...
Optional dependencies for openssl
    ca-certificates [pending]
    perl [pending]
installing libsasl...
installing libldap...
installing libevent...
Optional dependencies for libevent
    python: event_rpcgen.py [pending]
installing libverto...
installing lmdb...
installing krb5...
installing libcap-ng...
installing audit...
Optional dependencies for audit
    audispd-plugins: for audit event dispatcher plugins
    audispd-plugins-zos: for z/OS audit event dispatcher plugin
installing libxcrypt...
installing libtirpc...
installing libnsl...
installing pambase...
installing libgpg-error...
installing libgcrypt...
installing systemd-libs...
installing pam...
installing libcap...
installing coreutils...
installing bzip2...
installing libseccomp...
installing file...
installing findutils...
installing mpfr...
installing gawk...
installing pcre2...
Optional dependencies for pcre2
    sh: for pcre2-config [installed]
installing grep...
installing procps-ng...
installing sed...
installing tar...
installing libtasn1...
installing libffi...
installing libp11-kit...
installing p11-kit...
installing ca-certificates-utils...
installing ca-certificates-mozilla...
installing ca-certificates...
installing libunistring...
installing libidn2...
installing libnghttp2...
installing libnghttp3...
installing nettle...
installing leancrypto...
installing gnutls...
Optional dependencies for gnutls
    tpm2-tss: support for TPM2 wrapped keys [pending]
installing libngtcp2...
installing libpsl...
installing libssh2...
installing curl...
installing json-c...
installing gnulib-l10n...
installing icu...
installing libxml2...
Optional dependencies for libxml2
    python: Python bindings [pending]
installing gettext...
Optional dependencies for gettext
    git: for autopoint infrastructure updates [pending]
    appstream: for appstream support
installing hwdata...
installing kmod...
installing pciutils...
Optional dependencies for pciutils
    which: for update-pciids [pending]
    grep: for update-pciids [installed]
    curl: for update-pciids [installed]
installing psmisc...
installing shadow...
installing util-linux...
Optional dependencies for util-linux
    words: default dictionary for look
installing gzip...
Optional dependencies for gzip
    diffutils: zdiff/zcmp support [pending]
    grep: zegrep/zfgrep/zforce/zgrep support [installed]
    less: zless support [pending]
    util-linux: zmore support [installed]
installing licenses...
installing libksba...
installing libusb...
installing libassuan...
installing libsysprof-capture...
installing glib2...
Optional dependencies for glib2
    dconf: GSettings storage backend [pending]
    glib2-devel: development tools
    gvfs: most gio functionality
installing tpm2-tss...
installing libsecret...
Optional dependencies for libsecret
    org.freedesktop.secrets: secret storage backend
installing pinentry...
Optional dependencies for pinentry
    gcr: GNOME backend
    gtk3: GTK backend [pending]
    kguiaddons: Qt6 backend
    kwindowsystem: Qt6 backend
installing npth...
installing gnupg...
Optional dependencies for gnupg
    pcsclite: for using scdaemon not with the gnupg internal card driver [pending]
installing gpgme...
installing libarchive...
installing pacman-mirrorlist...
installing device-mapper...
installing popt...
installing cryptsetup...
installing expat...
installing dbus...
installing dbus-broker...
installing dbus-broker-units...
installing dbus-units...
installing kbd...
installing libelf...
installing systemd...
Initializing machine ID from random generator.
Creating group 'sys' with GID 3.
Creating group 'mem' with GID 8.
Creating group 'ftp' with GID 11.
Creating group 'mail' with GID 12.
Creating group 'log' with GID 19.
Creating group 'smmsp' with GID 25.
Creating group 'proc' with GID 26.
Creating group 'games' with GID 50.
Creating group 'lock' with GID 54.
Creating group 'network' with GID 90.
Creating group 'floppy' with GID 94.
Creating group 'scanner' with GID 96.
Creating group 'power' with GID 98.
Creating group 'nobody' with GID 65534.
Creating group 'adm' with GID 999.
Creating group 'wheel' with GID 998.
Creating group 'empower' with GID 997.
Creating group 'utmp' with GID 996.
Creating group 'audio' with GID 995.
Creating group 'clock' with GID 994.
Creating group 'disk' with GID 993.
Creating group 'input' with GID 992.
Creating group 'kmem' with GID 991.
Creating group 'kvm' with GID 990.
Creating group 'lp' with GID 989.
Creating group 'optical' with GID 988.
Creating group 'render' with GID 987.
Creating group 'sgx' with GID 986.
Creating group 'storage' with GID 985.
Creating group 'tty' with GID 5.
Creating group 'uucp' with GID 984.
Creating group 'video' with GID 983.
Creating group 'users' with GID 982.
Creating group 'systemd-journal' with GID 981.
Creating group 'rfkill' with GID 980.
Creating group 'bin' with GID 1.
Creating user 'bin' (n/a) with UID 1 and GID 1.
Creating group 'daemon' with GID 2.
Creating user 'daemon' (n/a) with UID 2 and GID 2.
Creating user 'mail' (n/a) with UID 8 and GID 12.
Creating user 'ftp' (n/a) with UID 14 and GID 11.
Creating group 'http' with GID 33.
Creating user 'http' (n/a) with UID 33 and GID 33.
Creating user 'nobody' (Kernel Overflow User) with UID 65534 and GID 65534.
Creating group 'dbus' with GID 81.
Creating user 'dbus' (System Message Bus) with UID 81 and GID 81.
Creating group 'systemd-coredump' with GID 979.
Creating user 'systemd-coredump' (systemd Core Dumper) with UID 979 and GID 979.
Creating group 'systemd-imds' with GID 978.
Creating user 'systemd-imds' (systemd Instance Metadata) with UID 978 and GID 978.
Creating group 'systemd-network' with GID 977.
Creating user 'systemd-network' (systemd Network Management) with UID 977 and GID 977.
Creating group 'systemd-oom' with GID 976.
Creating user 'systemd-oom' (systemd Userspace OOM Killer) with UID 976 and GID 976.
Creating group 'systemd-journal-remote' with GID 975.
Creating user 'systemd-journal-remote' (systemd Journal Remote) with UID 975 and GID 975.
Creating group 'systemd-resolve' with GID 974.
Creating user 'systemd-resolve' (systemd Resolver) with UID 974 and GID 974.
Creating group 'systemd-timesync' with GID 973.
Creating user 'systemd-timesync' (systemd Time Synchronization) with UID 973 and GID 973.
Creating group 'tss' with GID 972.
Creating user 'tss' (tss user for tpm2) with UID 972 and GID 972.
Creating group 'uuidd' with GID 971.
Creating user 'uuidd' (UUID generator helper daemon) with UID 971 and GID 971.
Created symlink '/etc/systemd/system/autovt@.service' → '/usr/lib/systemd/system/getty@.service'.
Created symlink '/etc/systemd/system/getty.target.wants/getty@tty1.service' → '/usr/lib/systemd/system/getty@.service'.
Created symlink '/etc/systemd/system/multi-user.target.wants/remote-fs.target' → '/usr/lib/systemd/system/remote-fs.target'.
Created symlink '/etc/systemd/system/sockets.target.wants/systemd-userdbd.socket' → '/usr/lib/systemd/system/systemd-userdbd.socket'.
Optional dependencies for systemd
    apparmor: additional security features
    curl: systemd-journal-upload, machinectl pull-tar and pull-raw [installed]
    gnutls: systemd-journal-gatewayd and systemd-journal-remote [installed]
    iptables: firewall features [pending]
    libarchive: convert DDIs to tarballs [installed]
    libbpf: support BPF programs [pending]
    libfido2: unlocking LUKS2 volumes with FIDO2 token
    libmicrohttpd: systemd-journal-gatewayd and systemd-journal-remote
    libp11-kit: support PKCS#11 [installed]
    libpwquality: check password quality
    polkit: allow administration as unprivileged user [pending]
    qemu-base: systemd-vmspawn
    qrencode: show QR codes
    quota-tools: kernel-level quota management
    systemd-sysvcompat: symlink package to provide sysvinit binaries [pending]
    systemd-ukify: combine kernel and initrd into a signed Unified Kernel Image
    tpm2-tss: unlocking LUKS2 volumes with TPM2 [installed]
installing jansson...
installing binutils...
Optional dependencies for binutils
    debuginfod: for debuginfod server/client functionality
    perl: for gprofng-display-html [pending]
installing libmakepkg-dropins...
installing pacman...
Optional dependencies for pacman
    base-devel: required to use makepkg [pending]
    perl-locale-gettext: translation support in makepkg-template
installing archlinux-keyring...
==> Appending keys from archlinux.gpg...
==> Locally signing trusted keys in keyring...
  -> Locally signed 5 keys.
==> Importing owner trust values...
gpg: setting ownertrust to 4
gpg: setting ownertrust to 4
gpg: setting ownertrust to 4
gpg: inserting ownertrust of 4
gpg: setting ownertrust to 4
==> Disabling revoked keys in keyring...
  -> Disabled 38 keys.
==> Updating trust database...
gpg: Note: third-party key signatures using the SHA1 algorithm are rejected
gpg: (use option "--allow-weak-key-signatures" to override)
gpg: marginals needed: 3  completes needed: 1  trust model: pgp
gpg: depth: 0  valid:   1  signed:   5  trust: 0-, 0q, 0n, 0m, 0f, 1u
gpg: depth: 1  valid:   5  signed:  89  trust: 0-, 0q, 0n, 5m, 0f, 0u
gpg: depth: 2  valid:  78  signed:  18  trust: 78-, 0q, 0n, 0m, 0f, 0u
gpg: next trustdb check due at 2026-10-26
installing systemd-sysvcompat...
installing iputils...
installing libmnl...
installing libnfnetlink...
installing libnetfilter_conntrack...
installing libnftnl...
installing libnl...
installing libpcap...
installing nftables...
Optional dependencies for nftables
    python: Python bindings [pending]
    python-jsonschema: Python bindings
installing iptables...
installing libbpf...
installing iproute2...
Optional dependencies for iproute2
    db: userspace arp daemon
    linux-atm: ATM support
    python: for routel [pending]
installing base...
Optional dependencies for base
    linux: bare metal support
installing m4...
installing diffutils...
installing db5.3...
installing perl...
installing autoconf...
installing automake...
installing bison...
installing xxhash...
installing cpio...
installing elfutils...
installing boost-libs...
Optional dependencies for boost-libs
    openmpi: for mpi support
installing mpdecimal...
installing python...
Optional dependencies for python
    python-setuptools: for building Python packages using tooling that is usually bundled with Python
    python-pip: for installing Python packages using tooling that is usually bundled with Python
    python-pipx: for installing Python software not packaged on Arch Linux
    sqlite: for a default database integration [installed]
    xz: for lzma [installed]
    tk: for tkinter
installing gc...
installing guile...
installing gdb-common...
installing source-highlight...
Optional dependencies for source-highlight
    lesspipe: src-hilite-lesspipe.sh
installing gdb...
installing debugedit...
installing fakeroot...
installing flex...
installing libisl...
installing libmpc...
installing gcc...
Optional dependencies for gcc
    lib32-gcc-libs: for generating code for 32-bit ABI [pending]
installing groff...
Optional dependencies for groff
    netpbm: for use together with man -H command interaction in browsers
    psutils: for use together with man -H command interaction in browsers
    libxaw: for gxditview
    perl-file-homedir: for use with glilypond
installing libtool...
installing make...
installing patch...
Optional dependencies for patch
    ed: for patch -e functionality
installing pkgconf...
installing sudo...
installing texinfo...
Optional dependencies for texinfo
    perl-archive-zip: EPUB file output via texi2any
installing which...
installing base-devel...
installing mkinitcpio-busybox...
installing mkinitcpio...
Optional dependencies for mkinitcpio
    xz: Use lzma or xz compression for the initramfs image [installed]
    bzip2: Use bzip2 compression for the initramfs image [installed]
    lzop: Use lzo compression for the initramfs image
    lz4: Use lz4 compression for the initramfs image [installed]
    mkinitcpio-nfs-utils: Support for root filesystem on NFS
    systemd-ukify: alternative UKI generator
installing linux-zen...
Optional dependencies for linux-zen
    linux-zen-headers: headers and scripts for building modules
    linux-firmware: firmware images needed for some devices [pending]
    scx-scheds: to use sched-ext schedulers
    wireless-regdb: to set the correct wireless channels of your country
installing linux-lts...
Optional dependencies for linux-lts
    linux-lts-headers: headers and scripts for building modules
    linux-firmware: firmware images needed for some devices [pending]
    scx-scheds: to use sched-ext schedulers
    wireless-regdb: to set the correct wireless channels of your country
installing linux-firmware-whence...
installing linux-firmware-amd...
installing linux-firmware-amdgpu...
installing linux-firmware-atheros...
installing linux-firmware-broadcom...
installing linux-firmware-cirrus...
installing linux-firmware-intel...
installing linux-firmware-mediatek...
installing linux-firmware-nvidia...
installing linux-firmware-other...
installing linux-firmware-radeon...
installing linux-firmware-realtek...
installing linux-firmware-ti...
installing linux-firmware...
Optional dependencies for linux-firmware
    linux-firmware-liquidio: Firmware for Cavium LiquidIO server adapters
    linux-firmware-marvell: Firmware for Marvell devices
    linux-firmware-mellanox: Firmware for Mellanox Spectrum switches
    linux-firmware-nfp: Firmware for Netronome Flow Processors
    linux-firmware-qcom: Firmware for Qualcomm SoCs
    linux-firmware-qlogic: Firmware for QLogic devices
installing amd-ucode...
warning: directory permissions differ on /mnt/boot/
filesystem: 700  package: 755
installing intel-ucode...
warning: directory permissions differ on /mnt/boot/
filesystem: 700  package: 755
installing lzo...
installing btrfs-progs...
Optional dependencies for btrfs-progs
    python: libbtrfsutil python bindings [installed]
    e2fsprogs: btrfs-convert [installed]
installing dosfstools...
installing libmm-glib...
installing libndp...
installing gpm...
installing pcre...
installing slang...
installing libnewt...
Optional dependencies for libnewt
    python: libnewt support with the _snack module [installed]
    tcl: whiptcl support
installing nspr...
installing nss...
installing libnm...
installing libdaemon...
installing libsodium...
installing libpgm...
installing zeromq...
Optional dependencies for zeromq
    cppzmq: C++ binding for libzmq
installing libteam...
installing mobile-broadband-provider-info...
installing duktape...
installing polkit...
installing pcsclite...
Optional dependencies for pcsclite
    python: API call trace logging with the pcsc-spy [installed]
    ccid: USB Chip/Smart Card Interface Devices driver
installing wpa_supplicant...
installing networkmanager...
Optional dependencies for networkmanager
    bluez: Bluetooth support [pending]
    dhcpcd: alternative DHCP client
    dnsmasq: connection sharing
    firewalld: firewall support
    iptables: connection sharing [installed]
    iwd: wpa_supplicant alternative
    libnvme: NBFT support
    modemmanager: cellular network support
    nftables: connection sharing [installed]
    openresolv: alternative resolv.conf manager
    pacrunner: PAC proxy support
    polkit: let non-root users control networking [installed]
    ppp: dialup connection support
installing nano...
installing libpipeline...
installing less...
installing man-db...
Optional dependencies for man-db
    gzip [installed]
installing man-pages...
installing perl-error...
installing perl-timedate...
installing perl-mailtools...
installing zlib-ng...
installing git...
Optional dependencies for git
    git-zsh-completion: upstream zsh completion
    tk: gitk and git gui
    openssh: ssh transport and crypto
    man: show help with `git command --help` [installed]
    perl-libwww: git svn
    perl-term-readkey: git svn and interactive.singlekey setting
    perl-io-socket-ssl: git send-email TLS support
    perl-authen-sasl: git send-email TLS support
    perl-cgi: gitweb (web interface) support
    python: git svn & git p4 [installed]
    subversion: git svn
    org.freedesktop.secrets: keyring credential helper
    libsecret: libsecret credential helper [installed]
    less: the default pager for git [installed]
installing zsh...
Optional dependencies for zsh
    grml-zsh-config: grml's zsh setup
    zsh-autosuggestions: Fish-like autosuggestions for zsh [pending]
    zsh-completions: Additional completion definitions for Zsh
    zsh-doc: Info, HTML and PDF format of the ZSH documentation
    zsh-history-substring-search: ZSH port of Fish history search (up arrow)
    zsh-lovers: A collection of tips, tricks and examples for the Z shell.
    zsh-syntax-highlighting: Fish shell like syntax highlighting for Zsh [pending]
    zshdb: A debugger for zsh scripts
installing zsh-autosuggestions...
installing zsh-syntax-highlighting...
To activate zsh-syntax-highlighting, add the following line at the end of ~/.zshrc:
    source /usr/share/zsh/plugins/zsh-syntax-highlighting/zsh-syntax-highlighting.zsh
installing libpciaccess...
installing libdrm...
Optional dependencies for libdrm
    cairo: needed for modetest tool [pending]
installing xcb-proto...
installing xorgproto...
installing libxdmcp...
installing libxau...
installing libxcb...
installing libx11...
installing libxext...
installing libglvnd...
installing libxshmfence...
installing libxxf86vm...
installing libedit...
installing llvm-libs...
installing lm_sensors...
Optional dependencies for lm_sensors
    rrdtool: for logging with sensord
    perl: for sensor detection and configuration convert [installed]
installing spirv-tools...
installing default-cursors...
Optional dependencies for default-cursors
    adwaita-cursors: default cursor theme [pending]
installing wayland...
installing mesa...
Optional dependencies for mesa
    opengl-man-pages: for the OpenGL API man pages
installing lib32-glibc...
installing lib32-expat...
installing lib32-gcc-libs...
installing lib32-zlib...
installing lib32-libpciaccess...
installing lib32-libdrm...
installing lib32-bzip2...
installing lib32-brotli...
installing lib32-e2fsprogs...
installing lib32-keyutils...
installing lib32-openssl...
Optional dependencies for lib32-openssl
    ca-certificates [installed]
installing lib32-libxcrypt...
installing lib32-libldap...
installing lib32-krb5...
installing lib32-libunistring...
installing lib32-libidn2...
installing lib32-libnghttp2...
installing lib32-libnghttp3...
installing lib32-gmp...
installing lib32-nettle...
installing lib32-libffi...
installing lib32-libtasn1...
installing lib32-p11-kit...
installing lib32-zstd...
installing lib32-gnutls...
installing lib32-libngtcp2...
installing lib32-libpsl...
installing lib32-libssh2...
installing lib32-curl...
installing lib32-json-c...
installing lib32-xz...
installing lib32-libelf...
installing lib32-libxdmcp...
installing lib32-libxau...
installing lib32-libxcb...
installing lib32-libx11...
installing lib32-libxext...
installing lib32-libglvnd...
installing lib32-libxshmfence...
installing lib32-libxxf86vm...
installing lib32-ncurses...
installing lib32-icu...
installing lib32-libxml2...
installing lib32-llvm-libs...
installing lib32-lm_sensors...
installing lib32-spirv-tools...
installing lib32-wayland...
installing lib32-mesa...
Optional dependencies for lib32-mesa
    opengl-man-pages: for the OpenGL API man pages
installing libdisplay-info...
installing vulkan-icd-loader...
Optional dependencies for vulkan-icd-loader
    vulkan-driver: packaged vulkan driver [pending]
installing vulkan-mesa-implicit-layers...
installing xcb-util-keysyms...
installing vulkan-radeon...
Optional dependencies for vulkan-radeon
    vulkan-mesa-layers: additional vulkan layers
installing lib32-libdisplay-info...
installing lib32-libgpg-error...
installing lib32-libgcrypt...
installing lib32-systemd...
installing lib32-vulkan-icd-loader...
Optional dependencies for lib32-vulkan-icd-loader
    lib32-vulkan-driver: packaged vulkan driver [pending]
installing lib32-vulkan-mesa-implicit-layers...
installing lib32-xcb-util-keysyms...
installing lib32-vulkan-radeon...
Optional dependencies for lib32-vulkan-radeon
    lib32-vulkan-mesa-layers: additional vulkan layers
installing desktop-file-utils...
installing libpng...
installing freetype2...
Optional dependencies for freetype2
    harfbuzz: Improved autohinting [pending]
installing bubblewrap...
installing fontconfig...
Creating fontconfig configuration...
Rebuilding fontconfig cache...
installing libxrender...
installing pixman...
installing cairo...
installing libjpeg-turbo...
installing jbigkit...
installing libdeflate...
installing libwebp...
Optional dependencies for libwebp
    libwebp-utils: WebP conversion and inspection tools
installing libtiff...
Optional dependencies for libtiff
    freeglut: for using tiffgt
installing lcms2...
installing giflib...
installing libunwind...
installing gperftools...
installing gtest...
Optional dependencies for gtest
    python: gmock generator [installed]
installing highway...
installing libjxl...
Optional dependencies for libjxl
    java-runtime: for JNI bindings
installing dav1d...
Optional dependencies for dav1d
    dav1d-doc: HTML documentation
installing graphite...
Optional dependencies for graphite
    graphite-docs: Documentation
installing harfbuzz...
Optional dependencies for harfbuzz
    harfbuzz-utils: utilities
installing fribidi...
installing libdatrie...
installing libthai...
installing libxft...
installing pango...
installing librsvg...
installing glycin...
Optional dependencies for glycin
    libheif: Load .avif, .heic and .heif
installing shared-mime-info...
installing gdk-pixbuf2...
Optional dependencies for gdk-pixbuf2
    libheif: Load .avif, .heic and .heif
    libopenraw: Load .arw, .cr2, .crw, .dng, .erf, .mrw, .nef, .orf, .pef and .raf
    libwmf: Load .apm and .wmf
installing hicolor-icon-theme...
installing libxcrypt-compat...
installing xkeyboard-config...
installing libxkbcommon...
Optional dependencies for libxkbcommon
    libxkbcommon-x11: xkbcli interactive-x11 [pending]
    wayland: xkbcli interactive-wayland [installed]
installing libxkbcommon-x11...
installing lsb-release...
installing lsof...
installing noto-fonts...
Optional dependencies for noto-fonts
    noto-fonts-cjk: CJK characters
    noto-fonts-emoji: Emoji characters [pending]
    noto-fonts-extra: additional variants (condensed, semi-bold, extra-light)
installing usbutils...
Optional dependencies for usbutils
    coreutils: for lsusb.py usage [installed]
    python: for lsusb.py usage [installed]
    sh: for usb-devices [installed]
installing xdg-user-dirs...
Created symlink '/etc/systemd/user/graphical-session-pre.target.wants/xdg-user-dirs.service' → '/usr/lib/systemd/user/xdg-user-dirs.service'.
installing libxrandr...
installing xorg-xrandr...
installing adwaita-fonts...
installing adwaita-icon-theme-legacy...
installing adwaita-cursors...
installing adwaita-icon-theme...
installing dconf...
installing gsettings-system-schemas...
installing gsettings-desktop-schemas...
installing libxfixes...
installing libxi...
installing libxtst...
installing xorg-xprop...
installing at-spi2-core...
installing graphene...
installing gstreamer...
Optional dependencies for gstreamer
    python: gst-plugins-doc-cache-generator [installed]
installing iso-codes...
installing libgudev...
installing libxv...
installing orc...
installing gst-plugins-base-libs...
installing libproxy...
installing glib-networking...
installing libsoup3...
Optional dependencies for libsoup3
    samba: Windows Domain SSO
installing gssdp...
Optional dependencies for gssdp
    gtk4: gssdp-device-sniffer [pending]
installing gupnp...
Optional dependencies for gupnp
    python: gupnp-binding-tool [installed]
installing gupnp-igd...
installing libnice...
Optional dependencies for libnice
    gstreamer: "nice" GStreamer plugin [installed]
installing libva...
Optional dependencies for libva
    intel-media-driver: backend for Intel GPUs (>= Broadwell)
    libva-intel-driver: backend for Intel GPUs (<= Haswell)
    libva-mesa-driver: backend for AMD and NVIDIA GPUs [installed]
installing vmaf...
installing gst-plugins-bad-libs...
installing gtk-update-icon-cache...
installing libcloudproviders...
installing libcolord...
installing avahi...
Optional dependencies for avahi
    gtk3: avahi-discover, avahi-discover-standalone, bshell, bssh, bvnc [pending]
    libevent: libevent bindings [installed]
    nss-mdns: NSS support for mDNS
    python-dbus: avahi-bookmarks, avahi-discover
    python-gobject: avahi-bookmarks, avahi-discover [pending]
    python-twisted: avahi-bookmarks
installing libcups...
installing libepoxy...
installing libxcursor...
installing libxdamage...
installing libxinerama...
installing json-glib...
installing libstemmer...
installing tinysparql...
installing libxcomposite...
installing gtk3...
Optional dependencies for gtk3
    papers: default print previewer
    evince: legacy print previewer
installing fuse-common...
installing liburing...
installing numactl...
installing fuse3...
installing libpipewire...
installing pipewire...
Created symlink '/etc/systemd/user/sockets.target.wants/pipewire.socket' → '/usr/lib/systemd/user/pipewire.socket'.
Optional dependencies for pipewire
    gst-plugin-pipewire: GStreamer plugin
    pipewire-alsa: ALSA configuration [pending]
    pipewire-audio: Audio support [pending]
    pipewire-docs: Documentation
    pipewire-ffado: FireWire support
    pipewire-jack-client: PipeWire as JACK client
    pipewire-jack: JACK replacement [pending]
    pipewire-libcamera: Libcamera support
    pipewire-netjack2: netJACK2 support
    pipewire-onnx: ONNX filter support
    pipewire-pulse: PulseAudio replacement [pending]
    pipewire-roc: ROC streaming
    pipewire-session-manager: Session manager [pending]
    pipewire-system-services: System daemon (not recommended)
    pipewire-v4l2: V4L2 interceptor
    pipewire-x11-bell: X11 bell
    pipewire-zeroconf: Zeroconf support
    realtime-privileges: realtime privileges with rt module
    rtkit: realtime privileges with rtkit module
installing xdg-desktop-portal...
Optional dependencies for xdg-desktop-portal
    gamemode: GameMode portal [pending]
    geoclue: Location portal
    rtkit: Realtime portal
    xdg-desktop-portal-impl: Portal backends [pending]
installing xdg-desktop-portal-gtk...
Optional dependencies for xdg-desktop-portal-gtk
    evince: Print preview
installing gtk4...
Optional dependencies for gtk4
    papers: default print previewer
installing ministream...
installing libadwaita...
installing zenity...
installing steam-devices...
installing alsa-topology-conf...
installing alsa-ucm-conf...
installing alsa-lib...
installing alsa-plugins...
Optional dependencies for alsa-plugins
    dbus: for maemo plugin [installed]
    ffmpeg: for pcm_a52 plugin [pending]
    jack: for pcm_jack plugin [pending]
    libavtp: for pcm_aaf plugin
    libsamplerate: for rate_samplerate plugin [pending]
    libpulse: for conf_pulse, ctl_pulse and pcm_pulse plugins [pending]
    speexdsp: for pcm_speex and rate_speexrate plugins [pending]
installing lib32-alsa-lib...
installing lib32-alsa-plugins...
Optional dependencies for lib32-alsa-plugins
    lib32-dbus: for maemo plugin [pending]
    lib32-jack: for pcm_jack plugin
    lib32-libavtp: for pcm_aaf plugin
    lib32-libsamplerate: for rate_samplerate plugin
    lib32-libpulse: for conf_pulse, ctl_pulse and pcm_pulse plugins
    lib32-speexdsp: for pcm_speex and rate_speexrate plugins
installing lib32-libpng...
installing lib32-freetype2...
Optional dependencies for lib32-freetype2
    lib32-harfbuzz: Improved autohinting
installing lib32-fontconfig...
Rebuilding 32-bit fontconfig cache...
installing lib32-pcre2...
installing lib32-util-linux...
installing lib32-glib2...
installing lib32-nspr...
installing lib32-sqlite...
installing lib32-nss...
installing lib32-libnm...
installing lib32-libxfixes...
installing lib32-libva...
Optional dependencies for lib32-libva
    lib32-libva-intel-driver: backend for Intel GPUs (<= Haswell)
    lib32-libva-mesa-driver: backend for AMD and NVIDIA GPUs [installed]
installing lib32-libxcrypt-compat...
installing lib32-libxinerama...
installing libxss...
installing lib32-libxss...
installing lib32-dbus...
installing lib32-libpipewire...
installing opus...
installing lib32-opus...
installing lib32-pipewire...
Optional dependencies for lib32-pipewire
    lib32-pipewire-jack: JACK support
    lib32-pipewire-netjack2: netJACK2 support
    lib32-pipewire-v4l2: V4L2 interceptor
installing ttf-liberation...
installing steam...
Optional dependencies for steam
    polkit: to setup SteamVR without root access [installed]
    xdg-desktop-portal-impl: file & folder picker [installed]
    xorg-fonts-misc: for non-latin locales
    NTSYNC-MODULE: for NTSync support [installed]
    ntsync-autoload: for NTSync support
installing libinih...
installing gamemode...
installing lib32-gamemode...
installing aom...
installing libyuv...
installing rav1e...
installing svt-av1...
installing libavif...
installing libdecor...
Optional dependencies for libdecor
    gtk3: gtk3 support [installed]
installing libevdev...
installing libei...
installing libwacom...
Optional dependencies for libwacom
    python-libevdev: for libwacom-show-stylus
    python-pyudev: for libwacom-show-stylus
installing lua54...
installing mtdev...
installing libinput...
Optional dependencies for libinput
    libinput-tools: debug utilities
installing libice...
installing libsm...
installing libxt...
installing libxmu...
installing libxres...
installing luajit...
installing hidapi...
Optional dependencies for hidapi
    libusb: for hidapi-libusb [installed]
installing sdl3...
Optional dependencies for sdl3
    alsa-lib: ALSA audio driver [installed]
    libpulse: PulseAudio audio driver [pending]
    jack: JACK audio driver [pending]
    pipewire: PipeWire audio driver [installed]
    vulkan-driver: vulkan renderer [installed]
    sndio: sndio audio driver [pending]
    libdecor: Wayland client decorations [installed]
installing sdl2-compat...
installing seatd...
installing xcb-util-errors...
installing xcb-util-wm...
installing xorg-fonts-encodings...
installing libfontenc...
installing libxfont2...
installing libxkbfile...
installing xorg-xkbcomp...
installing xorg-setxkbmap...
installing xorg-server-common...
installing libxcvt...
installing xorg-xwayland...
installing gamescope...
installing fmt...
installing glfw...
installing blas...
installing cblas...
installing lapack...
installing python-numpy...
Optional dependencies for python-numpy
    blas-openblas: faster linear algebra
installing python-contourpy...
Optional dependencies for python-contourpy
    python-matplotlib: matplotlib renderer [pending]
installing python-cycler...
installing python-six...
installing python-dateutil...
installing python-fonttools...
Optional dependencies for python-fonttools
    python-brotli: to compress/decompress WOFF 2.0 web fonts
    python-fs: to read/write UFO source files
    python-lxml: faster backend for XML files reading/writing
    python-lz4: for graphite type tables in ttLib/tables
    python-matplotlib: for visualizing DesignSpaceDocument and resulting VariationModel [pending]
    python-pyqt5: for drawing glyphs with Qt’s QPainterPath
    python-reportlab: to drawing glyphs as PNG images
    python-scipy: for finding wrong contour/component order between different masters
    python-sympy: for symbolic font statistics analysis
    python-uharfbuzz: to use the Harfbuzz Repacker for packing GSUB/GPOS tables
    python-unicodedata2: for displaying the Unicode character names when dumping the cmap table with ttx
    python-zopfli: faster backend fom WOFF 1.0 web fonts compression
installing python-kiwisolver...
installing python-packaging...
installing libraqm...
installing openjpeg2...
installing libimagequant...
installing python-pillow...
Optional dependencies for python-pillow
    libwebp: for webp images [installed]
    tk: for the ImageTK module
    python-olefile: OLE2 file support
    python-pyqt6: for the ImageQt module
    python-defusedxml: for reading XMP tags
installing python-pyparsing...
Optional dependencies for python-pyparsing
    python-railroad-diagrams: for generating Railroad Diagrams
    python-jinja: for generating Railroad Diagrams
installing qhull...
installing python-matplotlib...
Optional dependencies for python-matplotlib
    tk: Tk{Agg,Cairo} backends
    pyside6: alternative for Qt6{Agg,Cairo} backends
    python-pyqt6: Qt6{Agg,Cairo} backends
    python-gobject: for GTK{3,4}{Agg,Cairo} backend [pending]
    python-wxpython: WX{Agg,Cairo} backend
    python-cairo: {GTK{3,4},Qt{5,6},Tk,WX}Cairo backends [pending]
    python-cairocffi: alternative for Cairo backends
    python-tornado: WebAgg backend
    ffmpeg: for saving movies [pending]
    imagemagick: for saving animated gifs
    ghostscript: usetex dependencies
    texlive-binextra: usetex dependencies
    texlive-fontsrecommended: usetex dependencies
    texlive-latexrecommended: usetex usage with pdflatex
    python-certifi: https support
installing mangohud...
Optional dependencies for mangohud
    gamescope: Use MangoApp as an overlay within gamescope [installed]
    libxnvctrl: NVIDIA GPU stats by XNVCtrl
installing lib32-libice...
installing lib32-libsm...
installing lib32-libxt...
installing lib32-libxmu...
installing lib32-libxi...
installing glu...
installing lib32-glu...
installing glew...
installing lib32-glew...
installing lib32-libxkbcommon...
installing lib32-mangohud...
installing alsa-card-profiles...
installing bluez-libs...
installing fftw...
Optional dependencies for fftw
    fftw-openmpi: for OpenMPI integration
installing libebur128...
installing libfdk-aac...
installing libfreeaptx...
installing liblc3...
Optional dependencies for liblc3
    python: Python bindings [installed]
installing libldac...
installing libmysofa...
installing libogg...
installing flac...
installing mpg123...
Optional dependencies for mpg123
    sdl2-compat: for sdl audio support [installed]
    jack: for jack audio support [pending]
    libpulse: for pulse audio support [pending]
    perl: for conplay [installed]
installing lame...
installing libvorbis...
installing libsndfile...
Optional dependencies for libsndfile
    alsa-lib: for sndfile-play [installed]
installing serd...
Optional dependencies for serd
    serd-docs: for developer documentation
installing zix...
Optional dependencies for zix
    zix-docs: for developer documentation
installing sord...
Optional dependencies for sord
    sord-docs: for developer documentation
installing lv2...
Optional dependencies for lv2
    lv2-docs: for developer documentation
    lv2-example-plugins: for example plugins
    python-lxml: for lv2specgen.py
    python-markdown: for lv2specgen.py
    python-pygments: for lv2specgen.py
    python-rdflib: for lv2specgen.py
    sord: for lv2_validate [installed]
installing sratom...
Optional dependencies for sratom
    sratom-docs: for developer documentation
installing lilv...
Optional dependencies for lilv
    lilv-docs: for documentation
    lilv-tools: for CLI tools
    python-lilv: for Python bindings
installing sbc...
installing spandsp...
installing abseil-cpp...
installing webrtc-audio-processing-1...
installing pipewire-audio...
installing libasyncns...
installing libpulse...
Optional dependencies for libpulse
    pulse-native-provider: PulseAudio backend [pending]
installing libwireplumber...
installing lua...
installing wireplumber...
Created symlink '/etc/systemd/user/pipewire-session-manager.service' → '/usr/lib/systemd/user/wireplumber.service'.
Created symlink '/etc/systemd/user/pipewire.service.wants/wireplumber.service' → '/usr/lib/systemd/user/wireplumber.service'.
Optional dependencies for wireplumber
    wireplumber-docs: Documentation
    wireplumber-system-services: System daemon (not recommended)
installing pipewire-pulse...
Created symlink '/etc/systemd/user/sockets.target.wants/pipewire-pulse.socket' → '/usr/lib/systemd/user/pipewire-pulse.socket'.
installing pipewire-alsa...
installing pipewire-jack...
Optional dependencies for pipewire-jack
    jack-example-tools: for official JACK example-clients and tools
installing libsigc++-3.0...
installing glibmm-2.68...
installing cairomm-1.16...
installing pangomm-2.48...
installing gtkmm-4.0...
installing tdb...
Optional dependencies for tdb
    python: for python bindings [installed]
installing sound-theme-freedesktop...
installing libcanberra...
Optional dependencies for libcanberra
    gtk3: canberra-gtk-play [installed]
installing pavucontrol...
installing bluez...
installing bluez-utils...
Optional dependencies for bluez-utils
    ell: for btpclient
    perl: for parse_companies.pl [installed]
installing python-cairo...
installing libgirepository...
installing gobject-introspection-runtime...
installing python-gobject...
Optional dependencies for python-gobject
    python-cairo: Cairo bindings [installed]
installing blueman...
Optional dependencies for blueman
    dnsmasq: Network Access Point (NAP) support
    iproute2: Network Access Point (NAP) support [installed]
    networkmanager: Dial Up Networking (DUN) and Personal Area Networking (PAN) support [installed]
    pulseaudio-bluetooth: audio devices support
installing hyprutils...
installing wayland-protocols...
installing aquamarine...
installing glslang...
installing hyprlang...
installing libzip...
installing tomlplusplus...
installing hyprcursor...
installing hyprgraphics...
installing iniparser...
installing hyprtoolkit...
installing hyprland-guiutils...
installing pugixml...
installing hyprwire...
installing muparser...
installing re2...
installing xcb-util...
installing xcb-util-image...
installing xcb-util-renderutil...
installing hyprland...
Optional dependencies for hyprland
    hyprpm: build and install plugins
    hyprshutdown: clean logout and shutdown helper
    xdg-desktop-portal-hyprland: xdg-desktop-portal backend for hyprland [pending]
installing double-conversion...
installing libb2...
installing md4c...
installing tslib...
installing xcb-util-cursor...
installing xdg-utils...
Optional dependencies for xdg-utils
    kde-cli-tools: for KDE Plasma5 support in xdg-open
    exo: for Xfce support in xdg-open [pending]
    pcmanfm: for LXDE support in xdg-open
    perl-file-mimeinfo: for generic support in xdg-open
    perl-net-dbus: Perl extension to dbus used in xdg-screensaver
    perl-x11-protocol: Perl X11 protocol used in xdg-screensaver
    xorg-xset: for X11 support in xdg-screensaver
    xorg-xprop: for X11 support in xdg-screensaver [installed]
installing qt6-translations...
installing qt6-base...
Optional dependencies for qt6-base
    freetds: MS SQL driver
    gdk-pixbuf2: GTK platform plugin [installed]
    gtk3: GTK platform plugin [installed]
    libfbclient: Firebird/iBase driver
    mariadb-libs: MariaDB driver
    pango: GTK platform plugin [installed]
    perl: for syncqt [installed]
    postgresql-libs: PostgreSQL driver
    unixodbc: ODBC driver
installing sdbus-cpp...
installing xdg-desktop-portal-hyprland...
Optional dependencies for xdg-desktop-portal-hyprland
    grim: required for the screenshot portal to function [pending]
    slurp: support for interactive mode for the screenshot portal [pending]
installing qt6-declarative...
Optional dependencies for qt6-declarative
    qt6-svg: for QtQuickVectorImage and svgtoqml [pending]
installing hyprland-qt-support...
installing polkit-qt6...
installing hyprpolkitagent...
installing qt6-svg...
installing qt6-wayland...
installing libsigc++...
installing glibmm...
installing atkmm...
installing cairomm...
installing pps-tools...
installing gpsd...
Optional dependencies for gpsd
    gtk3: GUI frontends [installed]
    php: generate a PHP status page for your GPS
    php-gd: image support for the PHP status page
    python-cairo: GUI frontends [installed]
    python-gobject: GUI frontends [installed]
    python-pyserial: GUI frontends
    qt5-base: for Qgpsmm
installing gtk-layer-shell...
installing pangomm...
installing gtkmm3...
installing jsoncpp...
Optional dependencies for jsoncpp
    jsoncpp-doc: documentation
installing libdbusmenu-glib...
installing libdbusmenu-gtk3...
installing libmpdclient...
installing playerctl...
installing libmd...
installing libbsd...
installing sndio...
installing spdlog...
installing libplist...
Optional dependencies for libplist
    python: Python bindings [installed]
installing libimobiledevice-glue...
installing libtatsu...
installing libusbmuxd...
installing libimobiledevice...
Optional dependencies for libimobiledevice
    python: Python bindings [installed]
installing upower...
Optional dependencies for upower
    usbmuxd: Read charge status of iOS devices
installing waybar...
Optional dependencies for waybar
    otf-font-awesome: Icons in the default configuration
installing wofi...
installing mako...
Optional dependencies for mako
    jq: support for 'makoctl menu' [pending]
installing grim...
installing oniguruma...
installing jq...
installing libnotify...
installing slurp...
installing wl-clipboard...
Optional dependencies for wl-clipboard
    xdg-utils: for content type inference in wl-copy [installed]
    mailcap: for type inference in wl-paste [pending]
installing hyprshot...
Optional dependencies for hyprshot
    hyprpicker: to freeze the screen while taking the screenshot [pending]
installing hyprpicker...
Optional dependencies for hyprpicker
    wl-clipboard: Allows --autocopy to automatically copy the output to the clipboard [installed]
installing libgee...
installing vte-common...
installing vte3...
installing rsync...
Optional dependencies for rsync
    python: for rrsync [installed]
installing libxklavier...
installing libgnomekbd...
installing python-setproctitle...
installing xapp-symbolic-icons...
Optional dependencies for xapp-symbolic-icons
    python: for xsi-replace-adwaita-symbolic command [installed]
installing xapp...
installing run-parts...
installing cronie...
Optional dependencies for cronie
    smtp-server: send job output via email
    smtp-forwarder: forward job output to email server
installing timeshift...
TimeShift scheduled backups require the cronie.service to be running.
Try:
  systemctl enable --now cronie.service
Optional dependencies for timeshift
    btrfs-progs: For BTRFS support [installed]
    grub-btrfs: For BTRFS snapshots in GRUB
installing xorg-xhost...
installing gsm...
installing libunibreak...
installing libass...
installing libraw1394...
installing libavc1394...
installing libbluray...
Optional dependencies for libbluray
    java-runtime: BD-J library
installing libbs2b...
installing libdvdread...
Optional dependencies for libdvdread
    libdvdcss: Decoding encrypted DVDs
installing libdvdnav...
installing libiec61883...
installing libmodplug...
installing portaudio...
installing libopenmpt...
installing shaderc...
installing libdovi...
installing libplacebo...
installing libsoxr...
installing libssh...
installing libtheora...
installing libvdpau...
Optional dependencies for libvdpau
    libvdpau-va-gl: driver using VAAPI
    nvidia-utils: driver for NVIDIA
installing libvpx...
installing ocl-icd...
Optional dependencies for ocl-icd
    opencl-driver: packaged opencl driver
installing libvpl...
Optional dependencies for libvpl
    intel-media-sdk: runtime implementation for legacy Intel GPUs
    vpl-gpu-rt: runtime implementation for Tiger Lake and newer GPUs
installing opencore-amr...
installing libsamplerate...
installing rubberband...
installing snappy...
installing speexdsp...
installing speex...
installing srt...
installing v4l-utils...
Optional dependencies for v4l-utils
    qt6-base: for qv4l2 and qvidcap [installed]
    qt6-5compat: for qv4l2
    alsa-lib: for qv4l2 [installed]
installing zimg...
installing vapoursynth...
installing vid.stab...
installing l-smash...
installing x264...
installing x265...
installing xvidcore...
installing ffmpeg...
Optional dependencies for ffmpeg
    avisynthplus: AviSynthPlus support
    frei0r-plugins: Frei0r video effects support
    intel-media-sdk: Intel QuickSync support (legacy)
    ladspa: LADSPA filters
    nvidia-utils: Nvidia NVDEC/NVENC support
    onevpl-intel-gpu: Intel QuickSync support
installing mailcap...
installing firefox...
Optional dependencies for firefox
    firefox-i18n: Localizations
    hunspell-dictionary: Spell checking
    libnotify: Notification integration [installed]
    networkmanager: Location detection via available WiFi networks [installed]
    onnxruntime: Local machine learning features such as smart tab groups
    speech-dispatcher: Text-to-Speech
    xdg-desktop-portal: Screensharing with Wayland [installed]
installing librsync...
installing kitty-terminfo...
installing kitty-shell-integration...
Optional dependencies for kitty-shell-integration
    bash: Bash completions [installed]
    zsh: ZSH completions [installed]
    fish: Fish completions
installing kitty...
Optional dependencies for kitty
    imagemagick: viewing images with icat
    python-pygments: syntax highlighting in kitty +kitten diff
    libcanberra: playing "bell" sound on terminal bell [installed]
installing libexif...
installing libxfce4util...
installing xfconf...
installing startup-notification...
installing libgtop...
installing libxfce4ui...
installing exo...
installing thunar...
Optional dependencies for thunar
    catfish: file searching
    gvfs: trash support, mounting with udisk and remote filesystems
    tumbler: thumbnail previews
    thunar-volman: removable device management
    thunar-archive-plugin: archive creation and extraction
    thunar-media-tags-plugin: view/edit ID3/OGG tags
installing libpathrs...
installing runc...
Optional dependencies for runc
    criu: checkpoint support
installing containerd...
installing docker...
Optional dependencies for docker
    btrfs-progs: btrfs backend support [installed]
    pigz: parallel gzip compressor support
    docker-buildx: extended build capabilities [pending]
installing docker-compose...
installing docker-buildx...
installing noto-fonts-emoji...
installing pacman-contrib...
Optional dependencies for pacman-contrib
    diffutils: for pacdiff [installed]
    fakeroot: for checkupdates [installed]
    findutils: for pacdiff --find [installed]
    mlocate: for pacdiff --locate
    plocate: faster mlocate alternative
    perl: for pacsearch [installed]
    sudo: privilege elevation for several scripts [installed]
    vim: default diff program for pacdiff
    neovim: default diff program for pacdiff if EDITOR=nvim
:: Running post-transaction hooks...
( 1/29) Generating the configured locale...
Generating locales...
Generation complete.
( 2/29) Configuring dynamic linker run-time bindings...
( 3/29) Creating iconv module configuration cache...
( 4/29) Creating 32bit iconv module configuration cache...
( 5/29) Creating system user accounts...
Creating group 'docker' with GID 970.
Creating group 'gamemode' with GID 969.
Creating group 'polkitd' with GID 102.
Creating group 'seat' with GID 968.
Creating group 'alpm' with GID 967.
Creating user 'alpm' (Arch Linux Package Management) with UID 967 and GID 967.
Creating group 'avahi' with GID 966.
Creating user 'avahi' (Avahi mDNS/DNS-SD daemon) with UID 966 and GID 966.
Creating group 'git' with GID 965.
Creating user 'git' (git daemon user) with UID 965 and GID 965.
Creating group 'pcscd' with GID 964.
Creating user 'pcscd' (PC/SC Smart Card Daemon) with UID 964 and GID 964.
Creating user 'polkitd' (User for polkitd) with UID 102 and GID 102.
( 6/29) Creating temporary files...
( 7/29) Updating journal message catalog...
( 8/29) Updating udev hardware database...
( 9/29) Applying kernel sysctl settings...
  Skipped: Running in chroot.
(10/29) Reloading system manager configuration...
  Skipped: Running in chroot.
(11/29) Reloading user manager configuration...
  Skipped: Running in chroot.
(12/29) Updating the MIME type database...
(13/29) Reloading device manager configuration...
  Skipped: Running in chroot.
(14/29) Arming ConditionNeedsUpdate...
(15/29) Loading new kernel modules...
Running in chroot, ignoring command 'restart'
(16/29) Updating fontconfig configuration...
(17/29) Rebuilding certificate stores...
(18/29) Updating module dependencies...
(19/29) Updating linux initcpios...
==> Building image from preset: /etc/mkinitcpio.d/linux-lts.preset: 'default'
==> Using default configuration file: '/etc/mkinitcpio.conf'
  -> -k /boot/vmlinuz-linux-lts -g /boot/initramfs-linux-lts.img
==> Starting build: '6.18.55-1-lts'
  -> Running build hook: [base]
  -> Running build hook: [systemd]
  -> Running build hook: [autodetect]
  -> Running build hook: [microcode]
  -> Running build hook: [modconf]
  -> Running build hook: [kms]
  -> Running build hook: [keyboard]
  -> Running build hook: [sd-vconsole]
==> WARNING: sd-vconsole: "/etc/vconsole.conf" not found, will use default values
  -> Running build hook: [block]
  -> Running build hook: [filesystems]
  -> Running build hook: [fsck]
==> Generating module dependencies
==> Creating zstd-compressed initcpio image: '/boot/initramfs-linux-lts.img'
  -> Early uncompressed CPIO image generation successful
==> Initcpio image generation successful
==> Building image from preset: /etc/mkinitcpio.d/linux-zen.preset: 'default'
==> Using default configuration file: '/etc/mkinitcpio.conf'
  -> -k /boot/vmlinuz-linux-zen -g /boot/initramfs-linux-zen.img
==> Starting build: '7.2.9-zen1-1-zen'
  -> Running build hook: [base]
  -> Running build hook: [systemd]
  -> Running build hook: [autodetect]
  -> Running build hook: [microcode]
  -> Running build hook: [modconf]
  -> Running build hook: [kms]
  -> Running build hook: [keyboard]
  -> Running build hook: [sd-vconsole]
==> WARNING: sd-vconsole: "/etc/vconsole.conf" not found, will use default values
  -> Running build hook: [block]
  -> Running build hook: [filesystems]
  -> Running build hook: [fsck]
==> Generating module dependencies
==> Creating zstd-compressed initcpio image: '/boot/initramfs-linux-zen.img'
  -> Early uncompressed CPIO image generation successful
==> Initcpio image generation successful
(20/29) Reloading system bus configuration...
  Skipped: Running in chroot.
(21/29) Checking for old perl modules...
(22/29) Updating fontconfig cache...
(23/29) Updating 32-bit fontconfig cache...
(24/29) Updating GIO module cache...
(25/29) Compiling GSettings XML schema files...
(26/29) Updating GTK 3 input method module cache...
(27/29) Updating icon theme caches...
(28/29) Updating the info directory file...
(29/29) Updating the desktop file MIME type cache...
Generating locales...
  en_US.UTF-8... done
Generation complete.
Running in a chroot, enabling --graceful.
Created directory "/boot/EFI".
Created directory "/boot/EFI/systemd".
Created directory "/boot/EFI/BOOT".
Created directory "/boot/loader".
Created directory "/boot/loader/keys".
Created directory "/boot/loader".
Created directory "/boot/loader/entries".
Created directory "/boot/EFI".
Created directory "/boot/EFI/Linux".
Copied "/usr/lib/systemd/boot/efi/systemd-bootx64.efi" to "/boot/EFI/systemd/systemd-bootx64.efi".
Copied "/usr/lib/systemd/boot/efi/systemd-bootx64.efi" to "/boot/EFI/BOOT/BOOTX64.EFI".
Random seed file /boot/loader/random-seed successfully written (32 bytes).
Not booted with EFI or running in a container, skipping EFI variable modifications.
Cloning into '/tmp/yay-bin'...
==> Making package: yay-bin 13.0.1-1 (Fri Oct  9 20:44:57 2026)
==> Checking runtime dependencies...
==> Checking buildtime dependencies...
==> Retrieving sources...
  -> Downloading yay_13.0.1_x86_64.tar.gz...
  % Total    % Received % Xferd  Average Speed  Time    Time    Time   Current
                                 Dload  Upload  Total   Spent   Left   Speed
  0      0   0      0   0      0      0      0                              0  0      0   0      0   0      0      0      0                              0  0      0   0      0   0      0      0      0                              0
  0      0   0      0   0      0      0      0                              0100  4.69M 100  4.69M   0      0  7.71M      0                              0100  4.69M 100  4.69M   0      0  7.70M      0                              0100  4.69M 100  4.69M   0      0  7.70M      0                              0
==> Validating source_x86_64 files with sha256sums...
    yay_13.0.1_x86_64.tar.gz ... Passed
==> Extracting sources...
  -> Extracting yay_13.0.1_x86_64.tar.gz with bsdtar
==> Entering fakeroot environment...
==> Starting package()...
==> Tidying install...
  -> Removing libtool files...
  -> Removing static library files...
  -> Purging unwanted files...
  -> Stripping unneeded symbols from binaries and libraries...
Error while writing index for `/tmp/yay-bin/pkg/yay-bin/usr/bin/yay': No debugging symbols
gdb-add-index: No index was created for ./usr/bin/yay
gdb-add-index: [Was there no debuginfo? Was there already an index?]
  -> Compressing man and info pages...
==> Checking for packaging issues...
==> Creating package "yay-bin"...
  -> Generating .PKGINFO file...
  -> Generating .BUILDINFO file...
  -> Generating .MTREE file...
  -> Compressing package...
==> Creating package "yay-bin-debug"...
  -> Generating .PKGINFO file...
  -> Generating .BUILDINFO file...
  -> Generating .MTREE file...
  -> Compressing package...
==> Leaving fakeroot environment.
==> Finished making: yay-bin 13.0.1-1 (Fri Oct  9 20:45:00 2026)
==> Installing package yay-bin with pacman -U...
loading packages...
resolving dependencies...
looking for conflicting packages...

Packages (2) yay-bin-13.0.1-1  yay-bin-debug-13.0.1-1

Total Installed Size:  16.27 MiB

:: Proceed with installation? [Y/n] 
checking keyring...
checking package integrity...
loading package files...
checking for file conflicts...
checking available disk space...
:: Processing package changes...
installing yay-bin...
Optional dependencies for yay-bin
    sudo: privilege elevation [installed]
    doas: privilege elevation
installing yay-bin-debug...
:: Running post-transaction hooks...
(1/1) Arming ConditionNeedsUpdate...
AUR Explicit (1): yay-bin
:: [1m(1/1) Downloaded PKGBUILD: yay-bin[0m
:: [1m(1/1) Parsing SRCINFO: yay-bin[0m
:: [1mGenDB finished. No packages were installed[0m
AUR Explicit (1): ttf-ms-win11-auto-10.0.26100.1742-4
AUR Make Dependency (1): httpdirfs-1.3.3-1
Sync Make Dependency (7): udisks2-2.11.2-1, 7zip-26.04-1, udftools-2.3-3, help2man-1.49.3-2, graphviz-16.1.0-1, meson-1.12.1-2, doxygen-1.18.0-2
Sync Dependency (1): gumbo-parser-0.13.2-1
:: [1m(1/2) Downloaded PKGBUILD: httpdirfs[0m
:: [1m(2/2) Downloaded PKGBUILD: ttf-ms-win11-auto[0m
  2 ttf-ms-win11-auto                        (Build Files Exist)
  1 httpdirfs                                (Build Files Exist)
==> Packages to cleanBuild?
==> [N]one [A]ll [Ab]ort [I]nstalled [No]tInstalled or (1 2 3, 1-3, ^4)
==> 
  2 httpdirfs                                (Build Files Exist)
  1 ttf-ms-win11-auto                        (Build Files Exist)
==> Diffs to show?
==> [N]one [A]ll [Ab]ort [I]nstalled [No]tInstalled or (1 2 3, 1-3, ^4)
==> 
==> Making package: ttf-ms-win11-auto 10.0.26100.1742-4 (Fri Oct  9 20:45:06 2026)
==> Retrieving sources...
  -> Downloading 26100.1742.240906-0331.ge_release_svc_refresh_CLIENTENTERPRISEEVAL_OEMRET_x64FRE_en-us.iso...
  -> Downloading arial.ttf...
  -> Downloading arialbd.ttf...
  -> Downloading ariali.ttf...
  -> Downloading arialbi.ttf...
  -> Downloading ariblk.ttf...
  -> Downloading bahnschrift.ttf...
  -> Downloading calibri.ttf...
  -> Downloading calibrib.ttf...
  -> Downloading calibrii.ttf...
  -> Downloading calibriz.ttf...
  -> Downloading calibril.ttf...
  -> Downloading calibrili.ttf...
  -> Downloading cambria.ttc...
  -> Downloading cambriab.ttf...
  -> Downloading cambriai.ttf...
  -> Downloading cambriaz.ttf...
  -> Downloading Candara.ttf...
  -> Downloading Candarab.ttf...
  -> Downloading Candarai.ttf...
  -> Downloading Candaraz.ttf...
  -> Downloading Candaral.ttf...
  -> Downloading Candarali.ttf...
  -> Downloading comic.ttf...
  -> Downloading comicbd.ttf...
  -> Downloading comici.ttf...
  -> Downloading comicz.ttf...
  -> Downloading consola.ttf...
  -> Downloading consolab.ttf...
  -> Downloading consolai.ttf...
  -> Downloading consolaz.ttf...
  -> Downloading constan.ttf...
  -> Downloading constanb.ttf...
  -> Downloading constani.ttf...
  -> Downloading constanz.ttf...
  -> Downloading corbel.ttf...
  -> Downloading corbelb.ttf...
  -> Downloading corbeli.ttf...
  -> Downloading corbelz.ttf...
  -> Downloading corbell.ttf...
  -> Downloading corbelli.ttf...
  -> Downloading cour.ttf...
  -> Downloading courbd.ttf...
  -> Downloading couri.ttf...
  -> Downloading courbi.ttf...
  -> Downloading framd.ttf...
  -> Downloading framdit.ttf...
  -> Downloading Gabriola.ttf...
  -> Downloading georgia.ttf...
  -> Downloading georgiab.ttf...
  -> Downloading georgiai.ttf...
  -> Downloading georgiaz.ttf...
  -> Downloading impact.ttf...
  -> Downloading Inkfree.ttf...
  -> Downloading l_10646.ttf...
  -> Downloading lucon.ttf...
  -> Downloading marlett.ttf...
  -> Downloading micross.ttf...
  -> Downloading pala.ttf...
  -> Downloading palab.ttf...
  -> Downloading palai.ttf...
  -> Downloading palabi.ttf...
  -> Downloading segmdl2.ttf...
  -> Downloading SegoeIcons.ttf...
  -> Downloading segoepr.ttf...
  -> Downloading segoeprb.ttf...
  -> Downloading segoesc.ttf...
  -> Downloading segoescb.ttf...
  -> Downloading segoeui.ttf...
  -> Downloading segoeuib.ttf...
  -> Downloading segoeuii.ttf...
  -> Downloading segoeuiz.ttf...
  -> Downloading segoeuil.ttf...
  -> Downloading seguili.ttf...
  -> Downloading segoeuisl.ttf...
  -> Downloading seguisli.ttf...
  -> Downloading seguibl.ttf...
  -> Downloading seguibli.ttf...
  -> Downloading seguiemj.ttf...
  -> Downloading seguihis.ttf...
  -> Downloading seguisb.ttf...
  -> Downloading seguisbi.ttf...
  -> Downloading seguisym.ttf...
  -> Downloading SegUIVar.ttf...
  -> Downloading SitkaVF.ttf...
  -> Downloading SitkaVF-Italic.ttf...
  -> Downloading sylfaen.ttf...
  -> Downloading symbol.ttf...
  -> Downloading tahoma.ttf...
  -> Downloading tahomabd.ttf...
  -> Downloading times.ttf...
  -> Downloading timesbd.ttf...
  -> Downloading timesi.ttf...
  -> Downloading timesbi.ttf...
  -> Downloading trebuc.ttf...
  -> Downloading trebucbd.ttf...
  -> Downloading trebucit.ttf...
  -> Downloading trebucbi.ttf...
  -> Downloading verdana.ttf...
  -> Downloading verdanab.ttf...
  -> Downloading verdanai.ttf...
  -> Downloading verdanaz.ttf...
  -> Downloading webdings.ttf...
  -> Downloading wingding.ttf...
  -> Downloading msgothic.ttc...
  -> Downloading YuGothR.ttc...
  -> Downloading YuGothB.ttc...
  -> Downloading YuGothM.ttc...
  -> Downloading YuGothL.ttc...
  -> Downloading malgun.ttf...
  -> Downloading malgunbd.ttf...
  -> Downloading malgunsl.ttf...
  -> Downloading javatext.ttf...
  -> Downloading himalaya.ttf...
  -> Downloading ntailu.ttf...
  -> Downloading ntailub.ttf...
  -> Downloading phagspa.ttf...
  -> Downloading phagspab.ttf...
  -> Downloading taile.ttf...
  -> Downloading taileb.ttf...
  -> Downloading msyi.ttf...
  -> Downloading monbaiti.ttf...
  -> Downloading mmrtext.ttf...
  -> Downloading mmrtextb.ttf...
  -> Downloading Nirmala.ttc...
  -> Downloading LeelawUI.ttf...
  -> Downloading LeelaUIb.ttf...
  -> Downloading LeelUIsl.ttf...
  -> Downloading simsun.ttc...
  -> Downloading simsunb.ttf...
  -> Downloading msyh.ttc...
  -> Downloading msyhbd.ttc...
  -> Downloading msyhl.ttc...
  -> Downloading msjh.ttc...
  -> Downloading msjhbd.ttc...
  -> Downloading msjhl.ttc...
  -> Downloading mingliub.ttc...
  -> Downloading ebrima.ttf...
  -> Downloading ebrimabd.ttf...
  -> Downloading gadugi.ttf...
  -> Downloading gadugib.ttf...
  -> Downloading mvboli.ttf...
  -> Downloading license.rtf...
==> WARNING: Skipping verification of source file PGP signatures.
==> Validating source files with sha256sums...
    26100.1742.240906-0331.ge_release_svc_refresh_CLIENTENTERPRISEEVAL_OEMRET_x64FRE_en-us.iso ... Skipped
    arial.ttf ... Skipped
    arialbd.ttf ... Skipped
    ariali.ttf ... Skipped
    arialbi.ttf ... Skipped
    ariblk.ttf ... Skipped
    bahnschrift.ttf ... Skipped
    calibri.ttf ... Skipped
    calibrib.ttf ... Skipped
    calibrii.ttf ... Skipped
    calibriz.ttf ... Skipped
    calibril.ttf ... Skipped
    calibrili.ttf ... Skipped
    cambria.ttc ... Skipped
    cambriab.ttf ... Skipped
    cambriai.ttf ... Skipped
    cambriaz.ttf ... Skipped
    Candara.ttf ... Skipped
    Candarab.ttf ... Skipped
    Candarai.ttf ... Skipped
    Candaraz.ttf ... Skipped
    Candaral.ttf ... Skipped
    Candarali.ttf ... Skipped
    comic.ttf ... Skipped
    comicbd.ttf ... Skipped
    comici.ttf ... Skipped
    comicz.ttf ... Skipped
    consola.ttf ... Skipped
    consolab.ttf ... Skipped
    consolai.ttf ... Skipped
    consolaz.ttf ... Skipped
    constan.ttf ... Skipped
    constanb.ttf ... Skipped
    constani.ttf ... Skipped
    constanz.ttf ... Skipped
    corbel.ttf ... Skipped
    corbelb.ttf ... Skipped
    corbeli.ttf ... Skipped
    corbelz.ttf ... Skipped
    corbell.ttf ... Skipped
    corbelli.ttf ... Skipped
    cour.ttf ... Skipped
    courbd.ttf ... Skipped
    couri.ttf ... Skipped
    courbi.ttf ... Skipped
    framd.ttf ... Skipped
    framdit.ttf ... Skipped
    Gabriola.ttf ... Skipped
    georgia.ttf ... Skipped
    georgiab.ttf ... Skipped
    georgiai.ttf ... Skipped
    georgiaz.ttf ... Skipped
    impact.ttf ... Skipped
    Inkfree.ttf ... Skipped
    l_10646.ttf ... Skipped
    lucon.ttf ... Skipped
    marlett.ttf ... Skipped
    micross.ttf ... Skipped
    pala.ttf ... Skipped
    palab.ttf ... Skipped
    palai.ttf ... Skipped
    palabi.ttf ... Skipped
    segmdl2.ttf ... Skipped
    SegoeIcons.ttf ... Skipped
    segoepr.ttf ... Skipped
    segoeprb.ttf ... Skipped
    segoesc.ttf ... Skipped
    segoescb.ttf ... Skipped
    segoeui.ttf ... Skipped
    segoeuib.ttf ... Skipped
    segoeuii.ttf ... Skipped
    segoeuiz.ttf ... Skipped
    segoeuil.ttf ... Skipped
    seguili.ttf ... Skipped
    segoeuisl.ttf ... Skipped
    seguisli.ttf ... Skipped
    seguibl.ttf ... Skipped
    seguibli.ttf ... Skipped
    seguiemj.ttf ... Skipped
    seguihis.ttf ... Skipped
    seguisb.ttf ... Skipped
    seguisbi.ttf ... Skipped
    seguisym.ttf ... Skipped
    SegUIVar.ttf ... Skipped
    SitkaVF.ttf ... Skipped
    SitkaVF-Italic.ttf ... Skipped
    sylfaen.ttf ... Skipped
    symbol.ttf ... Skipped
    tahoma.ttf ... Skipped
    tahomabd.ttf ... Skipped
    times.ttf ... Skipped
    timesbd.ttf ... Skipped
    timesi.ttf ... Skipped
    timesbi.ttf ... Skipped
    trebuc.ttf ... Skipped
    trebucbd.ttf ... Skipped
    trebucit.ttf ... Skipped
    trebucbi.ttf ... Skipped
    verdana.ttf ... Skipped
    verdanab.ttf ... Skipped
    verdanai.ttf ... Skipped
    verdanaz.ttf ... Skipped
    webdings.ttf ... Skipped
    wingding.ttf ... Skipped
    msgothic.ttc ... Skipped
    YuGothR.ttc ... Skipped
    YuGothB.ttc ... Skipped
    YuGothM.ttc ... Skipped
    YuGothL.ttc ... Skipped
    malgun.ttf ... Skipped
    malgunbd.ttf ... Skipped
    malgunsl.ttf ... Skipped
    javatext.ttf ... Skipped
    himalaya.ttf ... Skipped
    ntailu.ttf ... Skipped
    ntailub.ttf ... Skipped
    phagspa.ttf ... Skipped
    phagspab.ttf ... Skipped
    taile.ttf ... Skipped
    taileb.ttf ... Skipped
    msyi.ttf ... Skipped
    monbaiti.ttf ... Skipped
    mmrtext.ttf ... Skipped
    mmrtextb.ttf ... Skipped
    Nirmala.ttc ... Skipped
    LeelawUI.ttf ... Skipped
    LeelaUIb.ttf ... Skipped
    LeelUIsl.ttf ... Skipped
    simsun.ttc ... Skipped
    simsunb.ttf ... Skipped
    msyh.ttc ... Skipped
    msyhbd.ttc ... Skipped
    msyhl.ttc ... Skipped
    msjh.ttc ... Skipped
    msjhbd.ttc ... Skipped
    msjhl.ttc ... Skipped
    mingliub.ttc ... Skipped
    ebrima.ttf ... Skipped
    ebrimabd.ttf ... Skipped
    gadugi.ttf ... Skipped
    gadugib.ttf ... Skipped
    mvboli.ttf ... Skipped
    license.rtf ... Skipped
==> Making package: httpdirfs 1.3.3-1 (Fri Oct  9 20:45:07 2026)
==> Retrieving sources...
  -> Downloading httpdirfs-1.3.3.tar.gz...
  % Total    % Received % Xferd  Average Speed  Time    Time    Time   Current
                                 Dload  Upload  Total   Spent   Left   Speed
  0      0   0      0   0      0      0      0                              0  0      0   0      0   0      0      0      0                              0  0      0   0      0   0      0      0      0                              0
  0      0   0      0   0      0      0      0                              0100 141.1k   0 141.1k   0      0 210.5k      0                              0100 141.1k   0 141.1k   0      0 210.4k      0                              0100 141.1k   0 141.1k   0      0 210.4k      0                              0
  -> Found httpdirfs.patch
==> WARNING: Skipping verification of source file PGP signatures.
==> Validating source files with md5sums...
    httpdirfs-1.3.3.tar.gz ... Passed
    httpdirfs.patch ... Passed
:: [1m(1/2) Parsing SRCINFO: ttf-ms-win11-auto[0m
:: [1m(2/2) Parsing SRCINFO: httpdirfs[0m
resolving dependencies...
looking for conflicting packages...

Packages (24) clang-23.1.1-1  compiler-rt-23.1.1-1  gd-2.3.3-9  ghostscript-10.08.0-1  gsfonts-20200910-6  gts-0.7.6.121130-5  ijs-0.35-7  jbig2dec-0.20-2  libde265-1.1.3-1  libheif-1.23.6-1  libidn-1.44-1  libpaper-2.2.8-1  libxpm-3.5.19-1  netpbm-10.86.51-1  ninja-1.13.2-3  openh264-2.6.0-2  perl-locale-gettext-1.07-16  poppler-data-0.4.12-2  python-tqdm-4.70.1-1  doxygen-1.18.0-2  graphviz-16.1.0-1  gumbo-parser-0.13.2-1  help2man-1.49.3-2  meson-1.12.1-2

Total Download Size:   107.45 MiB
Total Installed Size:  454.99 MiB

:: Proceed with installation? [Y/n] 
:: Retrieving packages...
 clang-23.1.1-1-x86_64 downloading...
 ghostscript-10.08.0-1-x86_64 downloading...
 doxygen-1.18.0-2-x86_64 downloading...
 compiler-rt-23.1.1-1-x86_64 downloading...
 graphviz-16.1.0-1-x86_64 downloading...
 netpbm-10.86.51-1-x86_64 downloading...
 meson-1.12.1-2-any downloading...
 poppler-data-0.4.12-2-any downloading...
 gsfonts-20200910-6-any downloading...
 libheif-1.23.6-1-x86_64 downloading...
 openh264-2.6.0-2-x86_64 downloading...
 libde265-1.1.3-1-x86_64 downloading...
 libidn-1.44-1-x86_64 downloading...
 gts-0.7.6.121130-5-x86_64 downloading...
 help2man-1.49.3-2-x86_64 downloading...
 ninja-1.13.2-3-x86_64 downloading...
 gd-2.3.3-9-x86_64 downloading...
 python-tqdm-4.70.1-1-any downloading...
 gumbo-parser-0.13.2-1-x86_64 downloading...
 libxpm-3.5.19-1-x86_64 downloading...
 jbig2dec-0.20-2-x86_64 downloading...
 ijs-0.35-7-x86_64 downloading...
 libpaper-2.2.8-1-x86_64 downloading...
 perl-locale-gettext-1.07-16-x86_64 downloading...
checking keyring...
checking package integrity...
loading package files...
checking for file conflicts...
checking available disk space...
:: Processing package changes...
installing gumbo-parser...
installing ninja...
installing python-tqdm...
Optional dependencies for python-tqdm
    python-requests: telegram
installing meson...
installing compiler-rt...
installing clang...
Optional dependencies for clang
    openmp: OpenMP support in clang with -fopenmp
    python: for scan-view and git-clang-format [installed]
    llvm: referenced by some clang headers
installing doxygen...
Optional dependencies for doxygen
    graphviz: for caller/callee graph generation [pending]
    qt6-base: for doxywizard [installed]
    qt6-svg: for doxywizard [installed]
    texlive-fontsrecommended: for generating LaTeX, Postscript and PDF output
    texlive-fontutils: for generating LaTeX, Postscript and PDF output
    texlive-latexextra: for generating LaTeX, Postscript and PDF output
    texlive-plaingeneric: for generating LaTeX, Postscript and PDF output
installing perl-locale-gettext...
installing help2man...
installing libxpm...
installing libde265...
Optional dependencies for libde265
    sdl2-compat: for the decoder tool [installed]
installing openh264...
installing libheif...
Optional dependencies for libheif
    libjpeg-turbo: for heif-dec and heif-enc [installed]
    libpng: for heif-dec and heif-enc [installed]
    libtiff: for heif-dec and heif-enc [installed]
    dav1d: dav1d encoder [installed]
    ffmpeg: hardware decode [installed]
    openjpeg2: JPEG2000 decoder [installed]
    rav1e: rav1e encoder [installed]
    svt-av1: svt-av1 encoder [installed]
installing gd...
Optional dependencies for gd
    perl: bdftogd script [installed]
installing jbig2dec...
installing libpaper...
installing ijs...
installing libidn...
installing poppler-data...
installing ghostscript...
Optional dependencies for ghostscript
    gtk3: needed for gsx [installed]
installing netpbm...
installing gts...
installing gsfonts...
installing graphviz...
Optional dependencies for graphviz
    mono: sharp bindings
    guile: guile bindings [installed]
    lua: lua bindings [installed]
    perl: perl bindings [installed]
    python: python bindings [installed]
    r: r bindings
    tcl: tcl bindings
    qt6-base: gvedit [installed]
    xterm: vimdot
:: Running post-transaction hooks...
(1/6) Arming ConditionNeedsUpdate...
(2/6) Updating fontconfig configuration...
(3/6) Checking for old perl modules...
(4/6) Updating fontconfig cache...
(5/6) Updating 32-bit fontconfig cache...
(6/6) Updating the info directory file...
resolving dependencies...
looking for conflicting packages...

Packages (18) libatasmart-0.19-8  libblockdev-3.5.0-2  libblockdev-crypto-3.5.0-2  libblockdev-fs-3.5.0-2  libblockdev-loop-3.5.0-2  libblockdev-mdraid-3.5.0-2  libblockdev-nvme-3.5.0-2  libblockdev-part-3.5.0-2  libblockdev-smart-3.5.0-2  libblockdev-swap-3.5.0-2  libbytesize-2.12-3  libnvme-1.16.2-2  mdadm-4.6-2  parted-3.8-1  volume_key-0.3.12-12  7zip-26.04-1  udftools-2.3-3  udisks2-2.11.2-1

Total Download Size:    4.76 MiB
Total Installed Size:  25.23 MiB

:: Proceed with installation? [Y/n] 
:: Retrieving packages...
 7zip-26.04-1-x86_64 downloading...
 udisks2-2.11.2-1-x86_64 downloading...
 parted-3.8-1-x86_64 downloading...
 mdadm-4.6-2-x86_64 downloading...
 libnvme-1.16.2-2-x86_64 downloading...
 libblockdev-3.5.0-2-x86_64 downloading...
 udftools-2.3-3-x86_64 downloading...
 volume_key-0.3.12-12-x86_64 downloading...
 libblockdev-fs-3.5.0-2-x86_64 downloading...
 libatasmart-0.19-8-x86_64 downloading...
 libblockdev-crypto-3.5.0-2-x86_64 downloading...
 libblockdev-nvme-3.5.0-2-x86_64 downloading...
 libbytesize-2.12-3-x86_64 downloading...
 libblockdev-smart-3.5.0-2-x86_64 downloading...
 libblockdev-part-3.5.0-2-x86_64 downloading...
 libblockdev-mdraid-3.5.0-2-x86_64 downloading...
 libblockdev-loop-3.5.0-2-x86_64 downloading...
 libblockdev-swap-3.5.0-2-x86_64 downloading...
checking keyring...
checking package integrity...
loading package files...
checking for file conflicts...
checking available disk space...
:: Processing package changes...
installing 7zip...
installing udftools...
installing libblockdev...
Optional dependencies for libblockdev
    libblockdev-btrfs: for BTRFS support
    libblockdev-crypto: for crypto support [pending]
    libblockdev-dm: for device-mapper support
    libblockdev-fs: for filesystem support [pending]
    libblockdev-loop: for loop device support [pending]
    libblockdev-lvm: for LVM support
    libblockdev-mdraid: for MDRAID support [pending]
    libblockdev-mpath: for multipath support
    libblockdev-nvdimm: for NVDIMM support
    libblockdev-nvme: for NVME support [pending]
    libblockdev-part: for partitioning support [pending]
    libblockdev-smart: for S.M.A.R.T. support [pending]
    libblockdev-swap: for swap support [pending]
    python-libblockdev: for Python support
installing volume_key...
Optional dependencies for volume_key
    python-volume_key: for Python bindings
installing libblockdev-crypto...
installing libbytesize...
Optional dependencies for libbytesize
    python: for Python bindings and for the bscalc command [installed]
installing parted...
installing libblockdev-fs...
Optional dependencies for libblockdev-fs
    btrfs-progs: for BTRFS filesystem support [installed]
    dosfstools: for VFAT filesystem support [installed]
    exfatprogs: for exFAT filesystem support
    f2fs-tools: for F2FS filesystem support
    nilfs-utils: for nilfs filesystem support
    ntfsprogs: for NTFS filesystem support
    udftools: for UDF filesystem support [installed]
    xfsprogs: for XFS filesystem support
installing mdadm...
Optional dependencies for mdadm
    bash: mdcheck [installed]
installing libblockdev-mdraid...
installing libblockdev-loop...
installing libnvme...
installing libblockdev-nvme...
installing libblockdev-part...
installing libatasmart...
installing libblockdev-smart...
Optional dependencies for libblockdev-smart
    smartmontools: for experimental smartmontools-based plugin
installing libblockdev-swap...
installing udisks2...
Optional dependencies for udisks2
    udisks2-btrfs: for BTRFS module
    udisks2-lvm2: for LVM2 module
    udisks2-docs: API documentation
    btrfs-progs: for BTRFS support in libblockdev-fs [installed]
    dosfstools: for FAT support in libblockdev-fs [installed]
    exfatprogs: for exFAT support in libblockdev-fs
    e2fsprogs: for Ext2/3/4 support in libblockdev-fs [installed]
    f2fs-tools: for F2FS support in libblockdev-fs
    less: for default pager of the udisksctl dump command [installed]
    nilfs-utils: for NILFS support in libblockdev-fs
    udftools: for UDF support in libblockdev-fs [installed]
    xfsprogs: for XFS support in libblockdev-fs
:: Running post-transaction hooks...
(1/7) Creating temporary files...
(2/7) Reloading system manager configuration...
  Skipped: Running in chroot.
(3/7) Reloading device manager configuration...
  Skipped: Running in chroot.
(4/7) Arming ConditionNeedsUpdate...
(5/7) Updating linux initcpios...
(6/7) Reloading system bus configuration...
  Skipped: Running in chroot.
(7/7) Updating the info directory file...
==> Making package: httpdirfs 1.3.3-1 (Fri Oct  9 20:45:14 2026)
==> Checking runtime dependencies...
==> Checking buildtime dependencies...
==> Retrieving sources...
  -> Found httpdirfs-1.3.3.tar.gz
  -> Found httpdirfs.patch
==> Validating source files with md5sums...
    httpdirfs-1.3.3.tar.gz ... Passed
    httpdirfs.patch ... Passed
==> Removing existing $srcdir/ directory...
==> Extracting sources...
  -> Extracting httpdirfs-1.3.3.tar.gz with bsdtar
==> Starting prepare()...
patching file meson.build
Hunk #1 succeeded at 95 (offset 1 line).
==> Sources are ready.
==> Making package: httpdirfs 1.3.3-1 (Fri Oct  9 20:45:15 2026)
==> Checking runtime dependencies...
==> Checking buildtime dependencies...
==> WARNING: Using existing $srcdir/ tree
==> Starting build()...

Wrap files:
Wrap unity.wrap type git not found: unity

+ exec meson setup --prefix /usr --libexecdir lib --sbindir bin --buildtype plain --auto-features enabled --wrap-mode nodownload -D b_pie=true -D python.bytecompile=1 httpdirfs-1.3.3 build -Dc_args=-std=gnu17
The Meson build system
Version: 1.12.1
Source dir: /home/baneberry45/.cache/yay/httpdirfs/src/httpdirfs-1.3.3
Build dir: /home/baneberry45/.cache/yay/httpdirfs/src/build
Build type: native build
Project name: httpdirfs
Project version: 1.3.3
C compiler for the host machine: cc (gcc 16.2.1 "cc (GCC) 16.2.1 20260810")
C linker for the host machine: cc ld.bfd 2.47
Host machine cpu family: x86_64
Host machine cpu: x86_64
Found pkg-config: YES (/usr/bin/pkg-config) 3.0.7
Run-time dependency gumbo found: YES 0.13.2
Run-time dependency libcurl found: YES 8.22.0
Run-time dependency fuse3 found: YES 3.18.3
Run-time dependency uuid found: YES 2.42.4
Run-time dependency expat found: YES 2.9.0
Run-time dependency openssl found: YES 3.6.5
Checking for function "backtrace" : YES 
Program help2man found: YES (/usr/bin/help2man)
Build targets in project: 5

httpdirfs 1.3.3

  User defined options
    auto_features     : enabled
    b_pie             : true
    buildtype         : plain
    c_args            : -std=gnu17
    libexecdir        : lib
    prefix            : /usr
    python.bytecompile: 1
    sbindir           : bin
    wrap_mode         : nodownload

Found ninja-1.13.2 at /usr/bin/ninja
Generating targets:   0%|          | 0/5 eta ?                                              Writing build.ninja:   0%|          | 0/53 eta ?                                                ninja: Entering directory `/home/baneberry45/.cache/yay/httpdirfs/src/build'
[1/13] Compiling C object libhttpdirfs_lib.a.p/src_memcache.c.o
In file included from /usr/include/pthread.h:21,
                 from ../httpdirfs-1.3.3/src/cache.h:31,
                 from ../httpdirfs-1.3.3/src/memcache.c:31:
/usr/include/features.h:451:4: warning: #warning _FORTIFY_SOURCE requires compiling with optimization (-O) [-Wcpp]
  451 | #  warning _FORTIFY_SOURCE requires compiling with optimization (-O)
      |    ^~~~~~~
[2/13] Compiling C object libhttpdirfs_lib.a.p/src_log.c.o
In file included from /usr/include/bits/libc-header-start.h:33,
                 from /usr/include/limits.h:26,
                 from /usr/lib/gcc/x86_64-pc-linux-gnu/16/include/limits.h:212,
                 from /usr/lib/gcc/x86_64-pc-linux-gnu/16/include/syslimits.h:9,
                 from /usr/lib/gcc/x86_64-pc-linux-gnu/16/include/limits.h:34,
                 from ../httpdirfs-1.3.3/src/config.h:31,
                 from ../httpdirfs-1.3.3/src/log.c:31:
/usr/include/features.h:451:4: warning: #warning _FORTIFY_SOURCE requires compiling with optimization (-O) [-Wcpp]
  451 | #  warning _FORTIFY_SOURCE requires compiling with optimization (-O)
      |    ^~~~~~~
[3/13] Compiling C object libhttpdirfs_lib.a.p/src_config.c.o
In file included from /usr/include/bits/libc-header-start.h:33,
                 from /usr/include/limits.h:26,
                 from /usr/lib/gcc/x86_64-pc-linux-gnu/16/include/limits.h:212,
                 from /usr/lib/gcc/x86_64-pc-linux-gnu/16/include/syslimits.h:9,
                 from /usr/lib/gcc/x86_64-pc-linux-gnu/16/include/limits.h:34,
                 from ../httpdirfs-1.3.3/src/config.h:31,
                 from ../httpdirfs-1.3.3/src/config.c:29:
/usr/include/features.h:451:4: warning: #warning _FORTIFY_SOURCE requires compiling with optimization (-O) [-Wcpp]
  451 | #  warning _FORTIFY_SOURCE requires compiling with optimization (-O)
      |    ^~~~~~~
[4/13] Compiling C object libhttpdirfs_lib.a.p/src_fuse_local.c.o
In file included from /usr/include/pthread.h:21,
                 from ../httpdirfs-1.3.3/src/cache.h:31,
                 from ../httpdirfs-1.3.3/src/fuse_local.c:31:
/usr/include/features.h:451:4: warning: #warning _FORTIFY_SOURCE requires compiling with optimization (-O) [-Wcpp]
  451 | #  warning _FORTIFY_SOURCE requires compiling with optimization (-O)
      |    ^~~~~~~
[5/13] Compiling C object libhttpdirfs_lib.a.p/src_network.c.o
In file included from /usr/include/sys/types.h:25,
                 from /usr/include/curl/system.h:373,
                 from /usr/include/curl/curl.h:63,
                 from ../httpdirfs-1.3.3/src/network.h:32,
                 from ../httpdirfs-1.3.3/src/network.c:29:
/usr/include/features.h:451:4: warning: #warning _FORTIFY_SOURCE requires compiling with optimization (-O) [-Wcpp]
  451 | #  warning _FORTIFY_SOURCE requires compiling with optimization (-O)
      |    ^~~~~~~
[6/13] Compiling C object httpdirfs.p/src_main.c.o
In file included from /usr/include/pthread.h:21,
                 from ../httpdirfs-1.3.3/src/cache.h:31,
                 from ../httpdirfs-1.3.3/src/main.c:29:
/usr/include/features.h:451:4: warning: #warning _FORTIFY_SOURCE requires compiling with optimization (-O) [-Wcpp]
  451 | #  warning _FORTIFY_SOURCE requires compiling with optimization (-O)
      |    ^~~~~~~
[7/13] Compiling C object libhttpdirfs_lib.a.p/src_sonic.c.o
In file included from /usr/include/bits/libc-header-start.h:33,
                 from /usr/include/limits.h:26,
                 from /usr/lib/gcc/x86_64-pc-linux-gnu/16/include/limits.h:212,
                 from /usr/lib/gcc/x86_64-pc-linux-gnu/16/include/syslimits.h:9,
                 from /usr/lib/gcc/x86_64-pc-linux-gnu/16/include/limits.h:34,
                 from ../httpdirfs-1.3.3/src/config.h:31,
                 from ../httpdirfs-1.3.3/src/sonic.c:31:
/usr/include/features.h:451:4: warning: #warning _FORTIFY_SOURCE requires compiling with optimization (-O) [-Wcpp]
  451 | #  warning _FORTIFY_SOURCE requires compiling with optimization (-O)
      |    ^~~~~~~
../httpdirfs-1.3.3/src/sonic.c: In function ‘sonic_url_to_LinkTable’:
../httpdirfs-1.3.3/src/sonic.c:411:9: warning: ‘XML_GetCurrentLineNumber’ is deprecated: please use XML_GetCurrentLineNumber64 instead [-Wdeprecated-declarations]
  411 |         lprintf(error, "Parse error at line %lu: %s\n",
      |         ^~~~~~~
In file included from ../httpdirfs-1.3.3/src/sonic.c:38:
/usr/include/expat.h:965:23: note: declared here
  965 | XMLPARSEAPI(XML_Size) XML_GetCurrentLineNumber(XML_Parser parser);
      |                       ^~~~~~~~~~~~~~~~~~~~~~~~
../httpdirfs-1.3.3/src/sonic.c:411:9: warning: ‘XML_GetCurrentLineNumber’ is deprecated: please use XML_GetCurrentLineNumber64 instead [-Wdeprecated-declarations]
  411 |         lprintf(error, "Parse error at line %lu: %s\n",
      |         ^~~~~~~
/usr/include/expat.h:965:23: note: declared here
  965 | XMLPARSEAPI(XML_Size) XML_GetCurrentLineNumber(XML_Parser parser);
      |                       ^~~~~~~~~~~~~~~~~~~~~~~~
[8/13] Compiling C object libhttpdirfs_lib.a.p/src_util.c.o
In file included from /usr/include/pthread.h:21,
                 from ../httpdirfs-1.3.3/src/util.h:31,
                 from ../httpdirfs-1.3.3/src/util.c:29:
/usr/include/features.h:451:4: warning: #warning _FORTIFY_SOURCE requires compiling with optimization (-O) [-Wcpp]
  451 | #  warning _FORTIFY_SOURCE requires compiling with optimization (-O)
      |    ^~~~~~~
[9/13] Compiling C object libhttpdirfs_lib.a.p/src_cache.c.o
In file included from /usr/include/pthread.h:21,
                 from ../httpdirfs-1.3.3/src/cache.h:31,
                 from ../httpdirfs-1.3.3/src/cache.c:29:
/usr/include/features.h:451:4: warning: #warning _FORTIFY_SOURCE requires compiling with optimization (-O) [-Wcpp]
  451 | #  warning _FORTIFY_SOURCE requires compiling with optimization (-O)
      |    ^~~~~~~
[10/13] Compiling C object libhttpdirfs_lib.a.p/src_link.c.o
In file included from /usr/include/sys/types.h:25,
                 from /usr/include/curl/system.h:373,
                 from /usr/include/curl/curl.h:63,
                 from ../httpdirfs-1.3.3/src/link.h:32,
                 from ../httpdirfs-1.3.3/src/link.c:29:
/usr/include/features.h:451:4: warning: #warning _FORTIFY_SOURCE requires compiling with optimization (-O) [-Wcpp]
  451 | #  warning _FORTIFY_SOURCE requires compiling with optimization (-O)
      |    ^~~~~~~
[11/13] Linking static target libhttpdirfs_lib.a
[12/13] Linking target httpdirfs
[13/13] Generating httpdirfs.1 with a custom command
INFO: autodetecting backend as ninja
INFO: calculating backend command to run: /usr/bin/ninja -C /home/baneberry45/.cache/yay/httpdirfs/src/build
==> Entering fakeroot environment...
==> Starting package()...
ninja: Entering directory `/home/baneberry45/.cache/yay/httpdirfs/src/build'
ninja: no work to do.
Installing httpdirfs to /home/baneberry45/.cache/yay/httpdirfs/pkg/httpdirfs/usr/bin
Installing httpdirfs.1 to /home/baneberry45/.cache/yay/httpdirfs/pkg/httpdirfs/usr/share/man/man1
==> Tidying install...
  -> Removing libtool files...
  -> Removing static library files...
  -> Purging unwanted files...
  -> Stripping unneeded symbols from binaries and libraries...
Error while writing index for `/home/baneberry45/.cache/yay/httpdirfs/pkg/httpdirfs/usr/bin/httpdirfs': No debugging symbols
gdb-add-index: No index was created for ./usr/bin/httpdirfs
gdb-add-index: [Was there no debuginfo? Was there already an index?]
  -> Compressing man and info pages...
==> Checking for packaging issues...
==> Creating package "httpdirfs"...
  -> Generating .PKGINFO file...
  -> Generating .BUILDINFO file...
  -> Generating .MTREE file...
  -> Compressing package...
==> Creating package "httpdirfs-debug"...
  -> Generating .PKGINFO file...
  -> Generating .BUILDINFO file...
  -> Generating .MTREE file...
  -> Compressing package...
==> Leaving fakeroot environment.
==> Finished making: httpdirfs 1.3.3-1 (Fri Oct  9 20:45:17 2026)
==> Cleaning up...
loading packages...
resolving dependencies...
looking for conflicting packages...

Packages (2) httpdirfs-1.3.3-1  httpdirfs-debug-1.3.3-1

Total Installed Size:  0.24 MiB

:: Proceed with installation? [Y/n] 
checking keyring...
checking package integrity...
loading package files...
checking for file conflicts...
checking available disk space...
:: Processing package changes...
installing httpdirfs...
installing httpdirfs-debug...
:: Running post-transaction hooks...
(1/1) Arming ConditionNeedsUpdate...
==> Making package: ttf-ms-win11-auto 10.0.26100.1742-4 (Fri Oct  9 20:45:21 2026)
==> Checking runtime dependencies...
==> Checking buildtime dependencies...
==> Retrieving sources...
  -> Downloading 26100.1742.240906-0331.ge_release_svc_refresh_CLIENTENTERPRISEEVAL_OEMRET_x64FRE_en-us.iso...
  -> Downloading arial.ttf...
  -> Downloading arialbd.ttf...
  -> Downloading ariali.ttf...
  -> Downloading arialbi.ttf...
  -> Downloading ariblk.ttf...
  -> Downloading bahnschrift.ttf...
  -> Downloading calibri.ttf...
  -> Downloading calibrib.ttf...
  -> Downloading calibrii.ttf...
  -> Downloading calibriz.ttf...
  -> Downloading calibril.ttf...
  -> Downloading calibrili.ttf...
  -> Downloading cambria.ttc...
  -> Downloading cambriab.ttf...
  -> Downloading cambriai.ttf...
  -> Downloading cambriaz.ttf...
  -> Downloading Candara.ttf...
  -> Downloading Candarab.ttf...
  -> Downloading Candarai.ttf...
  -> Downloading Candaraz.ttf...
  -> Downloading Candaral.ttf...
  -> Downloading Candarali.ttf...
  -> Downloading comic.ttf...
  -> Downloading comicbd.ttf...
  -> Downloading comici.ttf...
  -> Downloading comicz.ttf...
  -> Downloading consola.ttf...
  -> Downloading consolab.ttf...
  -> Downloading consolai.ttf...
  -> Downloading consolaz.ttf...
  -> Downloading constan.ttf...
  -> Downloading constanb.ttf...
  -> Downloading constani.ttf...
  -> Downloading constanz.ttf...
  -> Downloading corbel.ttf...
  -> Downloading corbelb.ttf...
  -> Downloading corbeli.ttf...
  -> Downloading corbelz.ttf...
  -> Downloading corbell.ttf...
  -> Downloading corbelli.ttf...
  -> Downloading cour.ttf...
  -> Downloading courbd.ttf...
  -> Downloading couri.ttf...
  -> Downloading courbi.ttf...
  -> Downloading framd.ttf...
  -> Downloading framdit.ttf...
  -> Downloading Gabriola.ttf...
  -> Downloading georgia.ttf...
  -> Downloading georgiab.ttf...
  -> Downloading georgiai.ttf...
  -> Downloading georgiaz.ttf...
  -> Downloading impact.ttf...
  -> Downloading Inkfree.ttf...
  -> Downloading l_10646.ttf...
  -> Downloading lucon.ttf...
  -> Downloading marlett.ttf...
  -> Downloading micross.ttf...
  -> Downloading pala.ttf...
  -> Downloading palab.ttf...
  -> Downloading palai.ttf...
  -> Downloading palabi.ttf...
  -> Downloading segmdl2.ttf...
  -> Downloading SegoeIcons.ttf...
  -> Downloading segoepr.ttf...
  -> Downloading segoeprb.ttf...
  -> Downloading segoesc.ttf...
  -> Downloading segoescb.ttf...
  -> Downloading segoeui.ttf...
  -> Downloading segoeuib.ttf...
  -> Downloading segoeuii.ttf...
  -> Downloading segoeuiz.ttf...
  -> Downloading segoeuil.ttf...
  -> Downloading seguili.ttf...
  -> Downloading segoeuisl.ttf...
  -> Downloading seguisli.ttf...
  -> Downloading seguibl.ttf...
  -> Downloading seguibli.ttf...
  -> Downloading seguiemj.ttf...
  -> Downloading seguihis.ttf...
  -> Downloading seguisb.ttf...
  -> Downloading seguisbi.ttf...
  -> Downloading seguisym.ttf...
  -> Downloading SegUIVar.ttf...
  -> Downloading SitkaVF.ttf...
  -> Downloading SitkaVF-Italic.ttf...
  -> Downloading sylfaen.ttf...
  -> Downloading symbol.ttf...
  -> Downloading tahoma.ttf...
  -> Downloading tahomabd.ttf...
  -> Downloading times.ttf...
  -> Downloading timesbd.ttf...
  -> Downloading timesi.ttf...
  -> Downloading timesbi.ttf...
  -> Downloading trebuc.ttf...
  -> Downloading trebucbd.ttf...
  -> Downloading trebucit.ttf...
  -> Downloading trebucbi.ttf...
  -> Downloading verdana.ttf...
  -> Downloading verdanab.ttf...
  -> Downloading verdanai.ttf...
  -> Downloading verdanaz.ttf...
  -> Downloading webdings.ttf...
  -> Downloading wingding.ttf...
  -> Downloading msgothic.ttc...
  -> Downloading YuGothR.ttc...
  -> Downloading YuGothB.ttc...
  -> Downloading YuGothM.ttc...
  -> Downloading YuGothL.ttc...
  -> Downloading malgun.ttf...
  -> Downloading malgunbd.ttf...
  -> Downloading malgunsl.ttf...
  -> Downloading javatext.ttf...
  -> Downloading himalaya.ttf...
  -> Downloading ntailu.ttf...
  -> Downloading ntailub.ttf...
  -> Downloading phagspa.ttf...
  -> Downloading phagspab.ttf...
  -> Downloading taile.ttf...
  -> Downloading taileb.ttf...
  -> Downloading msyi.ttf...
  -> Downloading monbaiti.ttf...
  -> Downloading mmrtext.ttf...
  -> Downloading mmrtextb.ttf...
  -> Downloading Nirmala.ttc...
  -> Downloading LeelawUI.ttf...
  -> Downloading LeelaUIb.ttf...
  -> Downloading LeelUIsl.ttf...
  -> Downloading simsun.ttc...
  -> Downloading simsunb.ttf...
  -> Downloading msyh.ttc...
  -> Downloading msyhbd.ttc...
  -> Downloading msyhl.ttc...
  -> Downloading msjh.ttc...
  -> Downloading msjhbd.ttc...
  -> Downloading msjhl.ttc...
  -> Downloading mingliub.ttc...
  -> Downloading ebrima.ttf...
  -> Downloading ebrimabd.ttf...
  -> Downloading gadugi.ttf...
  -> Downloading gadugib.ttf...
  -> Downloading mvboli.ttf...
  -> Downloading license.rtf...
==> Validating source files with sha256sums...
    26100.1742.240906-0331.ge_release_svc_refresh_CLIENTENTERPRISEEVAL_OEMRET_x64FRE_en-us.iso ... Skipped
    arial.ttf ... Skipped
    arialbd.ttf ... Skipped
    ariali.ttf ... Skipped
    arialbi.ttf ... Skipped
    ariblk.ttf ... Skipped
    bahnschrift.ttf ... Skipped
    calibri.ttf ... Skipped
    calibrib.ttf ... Skipped
    calibrii.ttf ... Skipped
    calibriz.ttf ... Skipped
    calibril.ttf ... Skipped
    calibrili.ttf ... Skipped
    cambria.ttc ... Skipped
    cambriab.ttf ... Skipped
    cambriai.ttf ... Skipped
    cambriaz.ttf ... Skipped
    Candara.ttf ... Skipped
    Candarab.ttf ... Skipped
    Candarai.ttf ... Skipped
    Candaraz.ttf ... Skipped
    Candaral.ttf ... Skipped
    Candarali.ttf ... Skipped
    comic.ttf ... Skipped
    comicbd.ttf ... Skipped
    comici.ttf ... Skipped
    comicz.ttf ... Skipped
    consola.ttf ... Skipped
    consolab.ttf ... Skipped
    consolai.ttf ... Skipped
    consolaz.ttf ... Skipped
    constan.ttf ... Skipped
    constanb.ttf ... Skipped
    constani.ttf ... Skipped
    constanz.ttf ... Skipped
    corbel.ttf ... Skipped
    corbelb.ttf ... Skipped
    corbeli.ttf ... Skipped
    corbelz.ttf ... Skipped
    corbell.ttf ... Skipped
    corbelli.ttf ... Skipped
    cour.ttf ... Skipped
    courbd.ttf ... Skipped
    couri.ttf ... Skipped
    courbi.ttf ... Skipped
    framd.ttf ... Skipped
    framdit.ttf ... Skipped
    Gabriola.ttf ... Skipped
    georgia.ttf ... Skipped
    georgiab.ttf ... Skipped
    georgiai.ttf ... Skipped
    georgiaz.ttf ... Skipped
    impact.ttf ... Skipped
    Inkfree.ttf ... Skipped
    l_10646.ttf ... Skipped
    lucon.ttf ... Skipped
    marlett.ttf ... Skipped
    micross.ttf ... Skipped
    pala.ttf ... Skipped
    palab.ttf ... Skipped
    palai.ttf ... Skipped
    palabi.ttf ... Skipped
    segmdl2.ttf ... Skipped
    SegoeIcons.ttf ... Skipped
    segoepr.ttf ... Skipped
    segoeprb.ttf ... Skipped
    segoesc.ttf ... Skipped
    segoescb.ttf ... Skipped
    segoeui.ttf ... Skipped
    segoeuib.ttf ... Skipped
    segoeuii.ttf ... Skipped
    segoeuiz.ttf ... Skipped
    segoeuil.ttf ... Skipped
    seguili.ttf ... Skipped
    segoeuisl.ttf ... Skipped
    seguisli.ttf ... Skipped
    seguibl.ttf ... Skipped
    seguibli.ttf ... Skipped
    seguiemj.ttf ... Skipped
    seguihis.ttf ... Skipped
    seguisb.ttf ... Skipped
    seguisbi.ttf ... Skipped
    seguisym.ttf ... Skipped
    SegUIVar.ttf ... Skipped
    SitkaVF.ttf ... Skipped
    SitkaVF-Italic.ttf ... Skipped
    sylfaen.ttf ... Skipped
    symbol.ttf ... Skipped
    tahoma.ttf ... Skipped
    tahomabd.ttf ... Skipped
    times.ttf ... Skipped
    timesbd.ttf ... Skipped
    timesi.ttf ... Skipped
    timesbi.ttf ... Skipped
    trebuc.ttf ... Skipped
    trebucbd.ttf ... Skipped
    trebucit.ttf ... Skipped
    trebucbi.ttf ... Skipped
    verdana.ttf ... Skipped
    verdanab.ttf ... Skipped
    verdanai.ttf ... Skipped
    verdanaz.ttf ... Skipped
    webdings.ttf ... Skipped
    wingding.ttf ... Skipped
    msgothic.ttc ... Skipped
    YuGothR.ttc ... Skipped
    YuGothB.ttc ... Skipped
    YuGothM.ttc ... Skipped
    YuGothL.ttc ... Skipped
    malgun.ttf ... Skipped
    malgunbd.ttf ... Skipped
    malgunsl.ttf ... Skipped
    javatext.ttf ... Skipped
    himalaya.ttf ... Skipped
    ntailu.ttf ... Skipped
    ntailub.ttf ... Skipped
    phagspa.ttf ... Skipped
    phagspab.ttf ... Skipped
    taile.ttf ... Skipped
    taileb.ttf ... Skipped
    msyi.ttf ... Skipped
    monbaiti.ttf ... Skipped
    mmrtext.ttf ... Skipped
    mmrtextb.ttf ... Skipped
    Nirmala.ttc ... Skipped
    LeelawUI.ttf ... Skipped
    LeelaUIb.ttf ... Skipped
    LeelUIsl.ttf ... Skipped
    simsun.ttc ... Skipped
    simsunb.ttf ... Skipped
    msyh.ttc ... Skipped
    msyhbd.ttc ... Skipped
    msyhl.ttc ... Skipped
    msjh.ttc ... Skipped
    msjhbd.ttc ... Skipped
    msjhl.ttc ... Skipped
    mingliub.ttc ... Skipped
    ebrima.ttf ... Skipped
    ebrimabd.ttf ... Skipped
    gadugi.ttf ... Skipped
    gadugib.ttf ... Skipped
    mvboli.ttf ... Skipped
    license.rtf ... Skipped
==> Removing existing $srcdir/ directory...
==> Extracting sources...
ln: failed to create symbolic link '/home/baneberry45/.cache/yay/ttf-ms-win11-auto/src/' -> '': No such file or directory
ln: failed to create symbolic link '/home/baneberry45/.cache/yay/ttf-ms-win11-auto/src/' -> '': No such file or directory
ln: failed to create symbolic link '/home/baneberry45/.cache/yay/ttf-ms-win11-auto/src/' -> '': No such file or directory
ln: failed to create symbolic link '/home/baneberry45/.cache/yay/ttf-ms-win11-auto/src/' -> '': No such file or directory
ln: failed to create symbolic link '/home/baneberry45/.cache/yay/ttf-ms-win11-auto/src/' -> '': No such file or directory
ln: failed to create symbolic link '/home/baneberry45/.cache/yay/ttf-ms-win11-auto/src/' -> '': No such file or directory
ln: failed to create symbolic link '/home/baneberry45/.cache/yay/ttf-ms-win11-auto/src/' -> '': No such file or directory
ln: failed to create symbolic link '/home/baneberry45/.cache/yay/ttf-ms-win11-auto/src/' -> '': No such file or directory
ln: failed to create symbolic link '/home/baneberry45/.cache/yay/ttf-ms-win11-auto/src/' -> '': No such file or directory
ln: failed to create symbolic link '/home/baneberry45/.cache/yay/ttf-ms-win11-auto/src/' -> '': No such file or directory
ln: failed to create symbolic link '/home/baneberry45/.cache/yay/ttf-ms-win11-auto/src/' -> '': No such file or directory
ln: failed to create symbolic link '/home/baneberry45/.cache/yay/ttf-ms-win11-auto/src/' -> '': No such file or directory
ln: failed to create symbolic link '/home/baneberry45/.cache/yay/ttf-ms-win11-auto/src/' -> '': No such file or directory
ln: failed to create symbolic link '/home/baneberry45/.cache/yay/ttf-ms-win11-auto/src/' -> '': No such file or directory
ln: failed to create symbolic link '/home/baneberry45/.cache/yay/ttf-ms-win11-auto/src/' -> '': No such file or directory
ln: failed to create symbolic link '/home/baneberry45/.cache/yay/ttf-ms-win11-auto/src/' -> '': No such file or directory
ln: failed to create symbolic link '/home/baneberry45/.cache/yay/ttf-ms-win11-auto/src/' -> '': No such file or directory
ln: failed to create symbolic link '/home/baneberry45/.cache/yay/ttf-ms-win11-auto/src/' -> '': No such file or directory
ln: failed to create symbolic link '/home/baneberry45/.cache/yay/ttf-ms-win11-auto/src/' -> '': No such file or directory
ln: failed to create symbolic link '/home/baneberry45/.cache/yay/ttf-ms-win11-auto/src/' -> '': No such file or directory
ln: failed to create symbolic link '/home/baneberry45/.cache/yay/ttf-ms-win11-auto/src/' -> '': No such file or directory
ln: failed to create symbolic link '/home/baneberry45/.cache/yay/ttf-ms-win11-auto/src/' -> '': No such file or directory
ln: failed to create symbolic link '/home/baneberry45/.cache/yay/ttf-ms-win11-auto/src/' -> '': No such file or directory
ln: failed to create symbolic link '/home/baneberry45/.cache/yay/ttf-ms-win11-auto/src/' -> '': No such file or directory
ln: failed to create symbolic link '/home/baneberry45/.cache/yay/ttf-ms-win11-auto/src/' -> '': No such file or directory
ln: failed to create symbolic link '/home/baneberry45/.cache/yay/ttf-ms-win11-auto/src/' -> '': No such file or directory
ln: failed to create symbolic link '/home/baneberry45/.cache/yay/ttf-ms-win11-auto/src/' -> '': No such file or directory
ln: failed to create symbolic link '/home/baneberry45/.cache/yay/ttf-ms-win11-auto/src/' -> '': No such file or directory
ln: failed to create symbolic link '/home/baneberry45/.cache/yay/ttf-ms-win11-auto/src/' -> '': No such file or directory
ln: failed to create symbolic link '/home/baneberry45/.cache/yay/ttf-ms-win11-auto/src/' -> '': No such file or directory
ln: failed to create symbolic link '/home/baneberry45/.cache/yay/ttf-ms-win11-auto/src/' -> '': No such file or directory
ln: failed to create symbolic link '/home/baneberry45/.cache/yay/ttf-ms-win11-auto/src/' -> '': No such file or directory
ln: failed to create symbolic link '/home/baneberry45/.cache/yay/ttf-ms-win11-auto/src/' -> '': No such file or directory
ln: failed to create symbolic link '/home/baneberry45/.cache/yay/ttf-ms-win11-auto/src/' -> '': No such file or directory
ln: failed to create symbolic link '/home/baneberry45/.cache/yay/ttf-ms-win11-auto/src/' -> '': No such file or directory
ln: failed to create symbolic link '/home/baneberry45/.cache/yay/ttf-ms-win11-auto/src/' -> '': No such file or directory
ln: failed to create symbolic link '/home/baneberry45/.cache/yay/ttf-ms-win11-auto/src/' -> '': No such file or directory
ln: failed to create symbolic link '/home/baneberry45/.cache/yay/ttf-ms-win11-auto/src/' -> '': No such file or directory
ln: failed to create symbolic link '/home/baneberry45/.cache/yay/ttf-ms-win11-auto/src/' -> '': No such file or directory
ln: failed to create symbolic link '/home/baneberry45/.cache/yay/ttf-ms-win11-auto/src/' -> '': No such file or directory
ln: failed to create symbolic link '/home/baneberry45/.cache/yay/ttf-ms-win11-auto/src/' -> '': No such file or directory
ln: failed to create symbolic link '/home/baneberry45/.cache/yay/ttf-ms-win11-auto/src/' -> '': No such file or directory
ln: failed to create symbolic link '/home/baneberry45/.cache/yay/ttf-ms-win11-auto/src/' -> '': No such file or directory
ln: failed to create symbolic link '/home/baneberry45/.cache/yay/ttf-ms-win11-auto/src/' -> '': No such file or directory
ln: failed to create symbolic link '/home/baneberry45/.cache/yay/ttf-ms-win11-auto/src/' -> '': No such file or directory
ln: failed to create symbolic link '/home/baneberry45/.cache/yay/ttf-ms-win11-auto/src/' -> '': No such file or directory
ln: failed to create symbolic link '/home/baneberry45/.cache/yay/ttf-ms-win11-auto/src/' -> '': No such file or directory
ln: failed to create symbolic link '/home/baneberry45/.cache/yay/ttf-ms-win11-auto/src/' -> '': No such file or directory
ln: failed to create symbolic link '/home/baneberry45/.cache/yay/ttf-ms-win11-auto/src/' -> '': No such file or directory
ln: failed to create symbolic link '/home/baneberry45/.cache/yay/ttf-ms-win11-auto/src/' -> '': No such file or directory
ln: failed to create symbolic link '/home/baneberry45/.cache/yay/ttf-ms-win11-auto/src/' -> '': No such file or directory
ln: failed to create symbolic link '/home/baneberry45/.cache/yay/ttf-ms-win11-auto/src/' -> '': No such file or directory
ln: failed to create symbolic link '/home/baneberry45/.cache/yay/ttf-ms-win11-auto/src/' -> '': No such file or directory
ln: failed to create symbolic link '/home/baneberry45/.cache/yay/ttf-ms-win11-auto/src/' -> '': No such file or directory
ln: failed to create symbolic link '/home/baneberry45/.cache/yay/ttf-ms-win11-auto/src/' -> '': No such file or directory
ln: failed to create symbolic link '/home/baneberry45/.cache/yay/ttf-ms-win11-auto/src/' -> '': No such file or directory
ln: failed to create symbolic link '/home/baneberry45/.cache/yay/ttf-ms-win11-auto/src/' -> '': No such file or directory
ln: failed to create symbolic link '/home/baneberry45/.cache/yay/ttf-ms-win11-auto/src/' -> '': No such file or directory
ln: failed to create symbolic link '/home/baneberry45/.cache/yay/ttf-ms-win11-auto/src/' -> '': No such file or directory
ln: failed to create symbolic link '/home/baneberry45/.cache/yay/ttf-ms-win11-auto/src/' -> '': No such file or directory
ln: failed to create symbolic link '/home/baneberry45/.cache/yay/ttf-ms-win11-auto/src/' -> '': No such file or directory
ln: failed to create symbolic link '/home/baneberry45/.cache/yay/ttf-ms-win11-auto/src/' -> '': No such file or directory
ln: failed to create symbolic link '/home/baneberry45/.cache/yay/ttf-ms-win11-auto/src/' -> '': No such file or directory
ln: failed to create symbolic link '/home/baneberry45/.cache/yay/ttf-ms-win11-auto/src/' -> '': No such file or directory
ln: failed to create symbolic link '/home/baneberry45/.cache/yay/ttf-ms-win11-auto/src/' -> '': No such file or directory
ln: failed to create symbolic link '/home/baneberry45/.cache/yay/ttf-ms-win11-auto/src/' -> '': No such file or directory
ln: failed to create symbolic link '/home/baneberry45/.cache/yay/ttf-ms-win11-auto/src/' -> '': No such file or directory
ln: failed to create symbolic link '/home/baneberry45/.cache/yay/ttf-ms-win11-auto/src/' -> '': No such file or directory
ln: failed to create symbolic link '/home/baneberry45/.cache/yay/ttf-ms-win11-auto/src/' -> '': No such file or directory
ln: failed to create symbolic link '/home/baneberry45/.cache/yay/ttf-ms-win11-auto/src/' -> '': No such file or directory
ln: failed to create symbolic link '/home/baneberry45/.cache/yay/ttf-ms-win11-auto/src/' -> '': No such file or directory
ln: failed to create symbolic link '/home/baneberry45/.cache/yay/ttf-ms-win11-auto/src/' -> '': No such file or directory
ln: failed to create symbolic link '/home/baneberry45/.cache/yay/ttf-ms-win11-auto/src/' -> '': No such file or directory
ln: failed to create symbolic link '/home/baneberry45/.cache/yay/ttf-ms-win11-auto/src/' -> '': No such file or directory
ln: failed to create symbolic link '/home/baneberry45/.cache/yay/ttf-ms-win11-auto/src/' -> '': No such file or directory
ln: failed to create symbolic link '/home/baneberry45/.cache/yay/ttf-ms-win11-auto/src/' -> '': No such file or directory
ln: failed to create symbolic link '/home/baneberry45/.cache/yay/ttf-ms-win11-auto/src/' -> '': No such file or directory
ln: failed to create symbolic link '/home/baneberry45/.cache/yay/ttf-ms-win11-auto/src/' -> '': No such file or directory
ln: failed to create symbolic link '/home/baneberry45/.cache/yay/ttf-ms-win11-auto/src/' -> '': No such file or directory
ln: failed to create symbolic link '/home/baneberry45/.cache/yay/ttf-ms-win11-auto/src/' -> '': No such file or directory
ln: failed to create symbolic link '/home/baneberry45/.cache/yay/ttf-ms-win11-auto/src/' -> '': No such file or directory
ln: failed to create symbolic link '/home/baneberry45/.cache/yay/ttf-ms-win11-auto/src/' -> '': No such file or directory
ln: failed to create symbolic link '/home/baneberry45/.cache/yay/ttf-ms-win11-auto/src/' -> '': No such file or directory
ln: failed to create symbolic link '/home/baneberry45/.cache/yay/ttf-ms-win11-auto/src/' -> '': No such file or directory
ln: failed to create symbolic link '/home/baneberry45/.cache/yay/ttf-ms-win11-auto/src/' -> '': No such file or directory
ln: failed to create symbolic link '/home/baneberry45/.cache/yay/ttf-ms-win11-auto/src/' -> '': No such file or directory
ln: failed to create symbolic link '/home/baneberry45/.cache/yay/ttf-ms-win11-auto/src/' -> '': No such file or directory
ln: failed to create symbolic link '/home/baneberry45/.cache/yay/ttf-ms-win11-auto/src/' -> '': No such file or directory
ln: failed to create symbolic link '/home/baneberry45/.cache/yay/ttf-ms-win11-auto/src/' -> '': No such file or directory
ln: failed to create symbolic link '/home/baneberry45/.cache/yay/ttf-ms-win11-auto/src/' -> '': No such file or directory
ln: failed to create symbolic link '/home/baneberry45/.cache/yay/ttf-ms-win11-auto/src/' -> '': No such file or directory
ln: failed to create symbolic link '/home/baneberry45/.cache/yay/ttf-ms-win11-auto/src/' -> '': No such file or directory
ln: failed to create symbolic link '/home/baneberry45/.cache/yay/ttf-ms-win11-auto/src/' -> '': No such file or directory
ln: failed to create symbolic link '/home/baneberry45/.cache/yay/ttf-ms-win11-auto/src/' -> '': No such file or directory
ln: failed to create symbolic link '/home/baneberry45/.cache/yay/ttf-ms-win11-auto/src/' -> '': No such file or directory
ln: failed to create symbolic link '/home/baneberry45/.cache/yay/ttf-ms-win11-auto/src/' -> '': No such file or directory
ln: failed to create symbolic link '/home/baneberry45/.cache/yay/ttf-ms-win11-auto/src/' -> '': No such file or directory
ln: failed to create symbolic link '/home/baneberry45/.cache/yay/ttf-ms-win11-auto/src/' -> '': No such file or directory
ln: failed to create symbolic link '/home/baneberry45/.cache/yay/ttf-ms-win11-auto/src/' -> '': No such file or directory
ln: failed to create symbolic link '/home/baneberry45/.cache/yay/ttf-ms-win11-auto/src/' -> '': No such file or directory
ln: failed to create symbolic link '/home/baneberry45/.cache/yay/ttf-ms-win11-auto/src/' -> '': No such file or directory
ln: failed to create symbolic link '/home/baneberry45/.cache/yay/ttf-ms-win11-auto/src/' -> '': No such file or directory
ln: failed to create symbolic link '/home/baneberry45/.cache/yay/ttf-ms-win11-auto/src/' -> '': No such file or directory
ln: failed to create symbolic link '/home/baneberry45/.cache/yay/ttf-ms-win11-auto/src/' -> '': No such file or directory
ln: failed to create symbolic link '/home/baneberry45/.cache/yay/ttf-ms-win11-auto/src/' -> '': No such file or directory
ln: failed to create symbolic link '/home/baneberry45/.cache/yay/ttf-ms-win11-auto/src/' -> '': No such file or directory
ln: failed to create symbolic link '/home/baneberry45/.cache/yay/ttf-ms-win11-auto/src/' -> '': No such file or directory
ln: failed to create symbolic link '/home/baneberry45/.cache/yay/ttf-ms-win11-auto/src/' -> '': No such file or directory
ln: failed to create symbolic link '/home/baneberry45/.cache/yay/ttf-ms-win11-auto/src/' -> '': No such file or directory
ln: failed to create symbolic link '/home/baneberry45/.cache/yay/ttf-ms-win11-auto/src/' -> '': No such file or directory
ln: failed to create symbolic link '/home/baneberry45/.cache/yay/ttf-ms-win11-auto/src/' -> '': No such file or directory
ln: failed to create symbolic link '/home/baneberry45/.cache/yay/ttf-ms-win11-auto/src/' -> '': No such file or directory
ln: failed to create symbolic link '/home/baneberry45/.cache/yay/ttf-ms-win11-auto/src/' -> '': No such file or directory
ln: failed to create symbolic link '/home/baneberry45/.cache/yay/ttf-ms-win11-auto/src/' -> '': No such file or directory
ln: failed to create symbolic link '/home/baneberry45/.cache/yay/ttf-ms-win11-auto/src/' -> '': No such file or directory
ln: failed to create symbolic link '/home/baneberry45/.cache/yay/ttf-ms-win11-auto/src/' -> '': No such file or directory
ln: failed to create symbolic link '/home/baneberry45/.cache/yay/ttf-ms-win11-auto/src/' -> '': No such file or directory
ln: failed to create symbolic link '/home/baneberry45/.cache/yay/ttf-ms-win11-auto/src/' -> '': No such file or directory
ln: failed to create symbolic link '/home/baneberry45/.cache/yay/ttf-ms-win11-auto/src/' -> '': No such file or directory
ln: failed to create symbolic link '/home/baneberry45/.cache/yay/ttf-ms-win11-auto/src/' -> '': No such file or directory
ln: failed to create symbolic link '/home/baneberry45/.cache/yay/ttf-ms-win11-auto/src/' -> '': No such file or directory
ln: failed to create symbolic link '/home/baneberry45/.cache/yay/ttf-ms-win11-auto/src/' -> '': No such file or directory
ln: failed to create symbolic link '/home/baneberry45/.cache/yay/ttf-ms-win11-auto/src/' -> '': No such file or directory
ln: failed to create symbolic link '/home/baneberry45/.cache/yay/ttf-ms-win11-auto/src/' -> '': No such file or directory
ln: failed to create symbolic link '/home/baneberry45/.cache/yay/ttf-ms-win11-auto/src/' -> '': No such file or directory
ln: failed to create symbolic link '/home/baneberry45/.cache/yay/ttf-ms-win11-auto/src/' -> '': No such file or directory
ln: failed to create symbolic link '/home/baneberry45/.cache/yay/ttf-ms-win11-auto/src/' -> '': No such file or directory
ln: failed to create symbolic link '/home/baneberry45/.cache/yay/ttf-ms-win11-auto/src/' -> '': No such file or directory
ln: failed to create symbolic link '/home/baneberry45/.cache/yay/ttf-ms-win11-auto/src/' -> '': No such file or directory
ln: failed to create symbolic link '/home/baneberry45/.cache/yay/ttf-ms-win11-auto/src/' -> '': No such file or directory
ln: failed to create symbolic link '/home/baneberry45/.cache/yay/ttf-ms-win11-auto/src/' -> '': No such file or directory
ln: failed to create symbolic link '/home/baneberry45/.cache/yay/ttf-ms-win11-auto/src/' -> '': No such file or directory
ln: failed to create symbolic link '/home/baneberry45/.cache/yay/ttf-ms-win11-auto/src/' -> '': No such file or directory
ln: failed to create symbolic link '/home/baneberry45/.cache/yay/ttf-ms-win11-auto/src/' -> '': No such file or directory
ln: failed to create symbolic link '/home/baneberry45/.cache/yay/ttf-ms-win11-auto/src/' -> '': No such file or directory
ln: failed to create symbolic link '/home/baneberry45/.cache/yay/ttf-ms-win11-auto/src/' -> '': No such file or directory
ln: failed to create symbolic link '/home/baneberry45/.cache/yay/ttf-ms-win11-auto/src/' -> '': No such file or directory
ln: failed to create symbolic link '/home/baneberry45/.cache/yay/ttf-ms-win11-auto/src/' -> '': No such file or directory
ln: failed to create symbolic link '/home/baneberry45/.cache/yay/ttf-ms-win11-auto/src/' -> '': No such file or directory
ln: failed to create symbolic link '/home/baneberry45/.cache/yay/ttf-ms-win11-auto/src/' -> '': No such file or directory
ln: failed to create symbolic link '/home/baneberry45/.cache/yay/ttf-ms-win11-auto/src/' -> '': No such file or directory
ln: failed to create symbolic link '/home/baneberry45/.cache/yay/ttf-ms-win11-auto/src/' -> '': No such file or directory
ln: failed to create symbolic link '/home/baneberry45/.cache/yay/ttf-ms-win11-auto/src/' -> '': No such file or directory
==> Starting prepare()...
- Examining locally available fonts
- Fonts are missing
- Mount filesystems as a non-privileged user: 
(udisksctl loop-setup:29677): GLib-GIO-CRITICAL **: 20:45:25.186: g_dbus_proxy_call_sync_internal: assertion 'G_IS_DBUS_PROXY (proxy)' failed
not allowed
- Preparing download of full ISO
  - Checking free disk space required for download and extraction
  - Downloading ISO
  % Total    % Received % Xferd  Average Speed  Time    Time    Time   Current
                                 Dload  Upload  Total   Spent   Left   Speed
  0      0   0      0   0      0      0      0                              0  0  5.01G   0  8.00M   0      0  7.05M      0   12:07   00:01   12:06  7.46M  0  5.01G   0 24.00M   0      0 11.20M      0   07:38   00:02   07:36 11.53M  0  5.01G   0 36.00M   0      0 11.37M      0   07:31   00:03   07:28 11.60M  0  5.01G   0 49.00M   0      0 11.73M      0   07:17   00:04   07:13 11.90M  1  5.01G   1 65.00M   0      0 12.48M      0   06:51   00:05   06:46 12.63M  1  5.01G   1 73.96M   0      0 11.91M      0   07:11   00:06   07:05 13.00M  1  5.01G   1 87.93M   0      0 12.20M      0   07:01   00:07   06:54 12.62M  1  5.01G   1 97.44M   0      0 11.87M      0   07:12   00:08   07:04 12.18M  2  5.01G   2 115.0M   0      0 12.44M      0   06:52   00:09   06:43 13.02M  2  5.01G   2 128.8M   0      0 12.57M      0   06:48   00:10   06:38 12.66M  2  5.01G   2 142.0M   0      0 12.35M      0   06:55   00:11   06:44 12.86M  2  5.01G   2 154.0M   0      0 12.31M      0   06:57   00:12   06:45 12.47M  3  5.01G   3 168.0M   0      0 12.41M      0   06:53   00:13   06:40 13.26M  3  5.01G   3 185.3M   0      0 12.75M      0   06:42   00:14   06:28 13.30M  3  5.01G   3 197.0M   0      0 12.68M      0   06:45   00:15   06:30 12.89M  4  5.01G   4 214.0M   0      0 12.92M      0   06:37   00:16   06:21 14.22M  4  5.01G   4 229.9M   0      0 13.09M      0   06:32   00:17   06:15 15.02M  4  5.01G   4 243.0M   0      0 13.08M      0   06:32   00:18   06:14 14.88M  5  5.01G   5 257.8M   0      0 13.17M      0   06:29   00:19   06:10 14.40M  5  5.01G   5 273.0M   0      0 13.26M      0   06:27   00:20   06:07 15.05M  5  5.01G   5 289.0M   0      0 13.38M      0   06:23   00:21   06:02 14.89M  5  5.01G   5 301.0M   0      0 13.32M      0   06:25   00:22   06:03 14.11M  6  5.01G   6 310.2M   0      0 13.14M      0   06:30   00:23   06:07 13.36M  6  5.01G   6 326.6M   0      0 13.27M      0   06:26   00:24   06:02 13.66M  6  5.01G   6 343.1M   0      0 13.40M      0   06:23   00:25   05:58 13.97M  7  5.01G   7 361.0M   0      0 13.55M      0   06:19   00:26   05:53 14.28M  7  5.01G   7 374.0M   0      0 13.50M      0   06:20   00:27   05:53 14.34M  7  5.01G   7 388.8M   0      0 13.55M      0   06:19   00:28   05:51 15.43M  7  5.01G   7 401.0M   0      0 13.49M      0   06:20   00:29   05:51 14.53M  8  5.01G   8 414.4M   0      0 13.48M      0   06:20   00:30   05:50 13.90M  8  5.01G   8 429.3M   0      0 13.53M      0   06:19   00:31   05:48 13.42M  8  5.01G   8 447.0M   0      0 13.65M      0   06:16   00:32   05:44 14.46M  8  5.01G   8 462.0M   0      0 13.68M      0   06:15   00:33   05:42 14.42M  9  5.01G   9 473.0M   0      0 13.57M      0   06:18   00:34   05:44 14.04M  9  5.01G   9 488.7M   0      0 13.63M      0   06:16   00:35   05:41 14.52M  9  5.01G   9 500.0M   0      0 13.50M      0   06:20   00:37   05:43 13.34M  9  5.01G   9 509.2M   0      0 13.39M      0   06:23   00:38   05:45 11.77M 10  5.01G  10 526.0M   0      0 13.46M      0   06:21   00:39   05:42 12.08M 10  5.01G  10 537.0M   0      0 13.39M      0   06:23   00:40   05:43 12.18M 10  5.01G  10 552.6M   0      0 13.45M      0   06:22   00:41   05:41 12.17M 10  5.01G  10 565.0M   0      0 13.40M      0   06:23   00:42   05:41 12.69M 11  5.01G  11 577.2M   0      0 13.38M      0   06:23   00:43   05:40 13.29M 11  5.01G  11 588.0M   0      0 13.30M      0   06:26   00:44   05:42 12.02M 11  5.01G  11 603.2M   0      0 13.34M      0   06:25   00:45   05:40 12.94M 12  5.01G  12 617.0M   0      0 13.32M      0   06:25   00:46   05:39 12.33M 12  5.01G  12 633.3M   0      0 13.38M      0   06:23   00:47   05:36 13.22M 12  5.01G  12 648.0M   0      0 13.40M      0   06:23   00:48   05:35 13.59M 12  5.01G  12 661.0M   0      0 13.39M      0   06:23   00:49   05:34 14.18M 13  5.01G  13 677.0M   0      0 13.43M      0   06:22   00:50   05:32 14.27M 13  5.01G  13 696.0M   0      0 13.54M      0   06:19   00:51   05:28 15.48M 13  5.01G  13 712.0M   0      0 13.58M      0   06:18   00:52   05:26 15.35M 14  5.01G  14 726.0M   0      0 13.59M      0   06:18   00:53   05:25 15.34M 14  5.01G  14 744.0M   0      0 13.65M      0   06:16   00:54   05:22 16.20M 14  5.01G  14 761.0M   0      0 13.71M      0   06:14   00:55   05:19 16.45M 15  5.01G  15 779.7M   0      0 13.80M      0   06:12   00:56   05:16 16.50M 15  5.01G  15 788.0M   0      0 13.70M      0   06:14   00:57   05:17 15.00M 15  5.01G  15 798.0M   0      0 13.63M      0   06:16   00:58   05:18 14.15M 15  5.01G  15 814.3M   0      0 13.68M      0   06:15   00:59   05:16 13.99M 16  5.01G  16 831.0M   0      0 13.73M      0   06:14   01:00   05:14 13.89M 16  5.01G  16 842.0M   0      0 13.68M      0   06:15   01:01   05:14 12.29M 16  5.01G  16 856.0M   0      0 13.68M      0   06:15   01:02   05:13 13.39M 16  5.01G  16 865.8M   0      0 13.62M      0   06:17   01:03   05:14 13.40M 17  5.01G  17 883.0M   0      0 13.67M      0   06:15   01:04   05:11 13.54M 17  5.01G  17 900.4M   0      0 13.73M      0   06:14   01:05   05:09 13.73M 17  5.01G  17 915.0M   0      0 13.73M      0   06:14   01:06   05:08 14.39M 18  5.01G  18 926.0M   0      0 13.69M      0   06:15   01:07   05:08 13.85M 18  5.01G  18 938.2M   0      0 13.67M      0   06:15   01:08   05:07 14.31M 18  5.01G  18 952.0M   0      0 13.67M      0   06:15   01:09   05:06 13.64M 18  5.01G  18 962.0M   0      0 13.59M      0   06:18   01:10   05:08 11.82M 19  5.01G  19 976.4M   0      0 13.60M      0   06:17   01:11   05:06 11.88M 19  5.01G  19 991.0M   0      0 13.61M      0   06:17   01:12   05:05 12.53M 19  5.01G  19  0.98G   0      0 13.63M      0   06:16   01:13   05:03 13.21M 19  5.01G  19  0.99G   0      0 13.64M      0   06:16   01:14   05:02 13.22M 20  5.01G  20  1.01G   0      0 13.69M      0   06:15   01:15   05:00 15.07M 20  5.01G  20  1.03G   0      0 13.73M      0   06:14   01:16   04:58 15.56M 20  5.01G  20  1.04G   0      0 13.68M      0   06:15   01:17   04:58 14.70M 21  5.01G  21  1.05G   0      0 13.68M      0   06:15   01:18   04:57 14.40M 21  5.01G  21  1.07G   0      0 13.72M      0   06:14   01:19   04:55 14.96M 21  5.01G  21  1.08G   0      0 13.72M      0   06:14   01:21   04:53 14.21M 21  5.01G  21  1.10G   0      0 13.74M      0   06:13   01:22   04:51 13.95M 22  5.01G  22  1.11G   0      0 13.78M      0   06:12   01:23   04:49 15.31M 22  5.01G  22  1.13G   0      0 13.82M      0   06:11   01:24   04:47 15.96M 22  5.01G  22  1.15G   0      0 13.84M      0   06:11   01:25   04:46 15.78M 23  5.01G  23  1.16G   0      0 13.87M      0   06:10   01:26   04:44 16.31M 23  5.01G  23  1.18G   0      0 13.91M      0   06:09   01:27   04:42 16.51M 23  5.01G  23  1.19G   0      0 13.92M      0   06:09   01:28   04:41 16.20M 24  5.01G  24  1.21G   0      0 13.95M      0   06:08   01:29   04:39 16.09M 24  5.01G  24  1.22G   0      0 13.91M      0   06:09   01:30   04:39 14.96M 24  5.01G  24  1.23G   0      0 13.86M      0   06:10   01:31   04:39 13.59M 24  5.01G  24  1.25G   0      0 13.89M      0   06:09   01:32   04:37 13.61M 25  5.01G  25  1.26G   0      0 13.89M      0   06:09   01:33   04:36 13.29M 25  5.01G  25  1.28G   0      0 13.91M      0   06:09   01:34   04:35 13.23M 25  5.01G  25  1.29G   0      0 13.92M      0   06:08   01:35   04:33 14.21M 26  5.01G  26  1.30G   0      0 13.89M      0   06:09   01:36   04:33 14.47M 26  5.01G  26  1.32G   0      0 13.91M      0   06:09   01:37   04:32 14.23M 26  5.01G  26  1.33G   0      0 13.89M      0   06:09   01:38   04:31 14.03M 26  5.01G  26  1.34G   0      0 13.85M      0   06:10   01:39   04:31 12.58M 27  5.01G  27  1.35G   0      0 13.87M      0   06:10   01:40   04:30 12.82M 27  5.01G  27  1.36G   0      0 13.78M      0   06:12   01:41   04:31 11.76M 27  5.01G  27  1.38G   0      0 13.83M      0   06:11   01:42   04:29 12.25M 27  5.01G  27  1.39G   0      0 13.77M      0   06:12   01:43   04:29 11.47M 28  5.01G  28  1.40G   0      0 13.79M      0   06:12   01:44   04:28 12.77M 28  5.01G  28  1.42G   0      0 13.75M      0   06:13   01:45   04:28 11.64M 28  5.01G  28  1.43G   0      0 13.77M      0   06:13   01:46   04:27 13.49M 28  5.01G  28  1.45G   0      0 13.78M      0   06:12   01:47   04:25 12.80M 29  5.01G  29  1.46G   0      0 13.79M      0   06:12   01:48   04:24 14.13M 29  5.01G  29  1.48G   0      0 13.81M      0   06:11   01:49   04:22 14.22M 29  5.01G  29  1.49G   0      0 13.83M      0   06:11   01:50   04:21 15.46M 30  5.01G  30  1.50G   0      0 13.82M      0   06:11   01:51   04:20 14.91M 30  5.01G  30  1.52G   0      0 13.82M      0   06:11   01:52   04:19 14.70M 30  5.01G  30  1.53G   0      0 13.78M      0   06:12   01:53   04:19 13.47M 30  5.01G  30  1.54G   0      0 13.77M      0   06:13   01:54   04:19 12.76M 31  5.01G  31  1.56G   0      0 13.79M      0   06:12   01:55   04:17 12.96M 31  5.01G  31  1.57G   0      0 13.82M      0   06:11   01:56   04:15 13.83M 31  5.01G  31  1.58G   0      0 13.80M      0   06:12   01:57   04:15 13.49M 31  5.01G  31  1.59G   0      0 13.77M      0   06:13   01:58   04:15 13.59M 32  5.01G  32  1.60G   0      0 13.72M      0   06:14   01:59   04:15 12.69M 32  5.01G  32  1.62G   0      0 13.73M      0   06:14   02:00   04:14 12.26M 32  5.01G  32  1.63G   0      0 13.75M      0   06:13   02:01   04:12 12.21M 32  5.01G  32  1.65G   0      0 13.78M      0   06:12   02:02   04:10 13.34M 33  5.01G  33  1.67G   0      0 13.80M      0   06:12   02:03   04:09 14.52M 33  5.01G  33  1.68G   0      0 13.82M      0   06:11   02:04   04:07 16.02M 33  5.01G  33  1.69G   0      0 13.81M      0   06:11   02:05   04:06 15.75M 34  5.01G  34  1.71G   0      0 13.83M      0   06:11   02:06   04:05 15.72M 34  5.01G  34  1.72G   0      0 13.83M      0   06:11   02:08   04:03 14.97M 34  5.01G  34  1.74G   0      0 13.84M      0   06:11   02:09   04:02 14.77M 35  5.01G  35  1.75G   0      0 13.85M      0   06:10   02:10   04:00 14.74M 35  5.01G  35  1.77G   0      0 13.86M      0   06:10   02:11   03:59 15.24M 35  5.01G  35  1.79G   0      0 13.90M      0   06:09   02:12   03:57 15.55M 36  5.01G  36  1.80G   0      0 13.91M      0   06:09   02:13   03:56 15.89M 36  5.01G  36  1.82G   0      0 13.92M      0   06:09   02:14   03:55 16.01M 36  5.01G  36  1.83G   0      0 13.93M      0   06:08   02:15   03:53 15.97M 36  5.01G  36  1.84G   0      0 13.87M      0   06:10   02:16   03:54 14.01M 37  5.01G  37  1.86G   0      0 13.90M      0   06:09   02:17   03:52 13.87M 37  5.01G  37  1.87G   0      0 13.88M      0   06:09   02:18   03:51 13.24M 37  5.01G  37  1.89G   0      0 13.91M      0   06:09   02:19   03:50 13.75M 37  5.01G  37  1.90G   0      0 13.92M      0   06:08   02:20   03:48 13.67M 38  5.01G  38  1.91G   0      0 13.92M      0   06:09   02:21   03:48 15.16M 38  5.01G  38  1.93G   0      0 13.89M      0   06:09   02:22   03:47 13.82M 38  5.01G  38  1.94G   0      0 13.88M      0   06:10   02:23   03:47 13.64M 38  5.01G  38  1.95G   0      0 13.86M      0   06:10   02:24   03:46 12.41M 39  5.01G  39  1.96G   0      0 13.87M      0   06:10   02:25   03:45 12.61M 39  5.01G  39  1.98G   0      0 13.89M      0   06:09   02:26   03:43 13.05M 39  5.01G  39  1.99G   0      0 13.87M      0   06:10   02:27   03:43 13.16M 40  5.01G  40  2.01G   0      0 13.87M      0   06:10   02:28   03:42 13.67M 40  5.01G  40  2.02G   0      0 13.86M      0   06:10   02:29   03:41 13.94M 40  5.01G  40  2.04G   0      0 13.88M      0   06:10   02:30   03:40 14.07M 40  5.01G  40  2.05G   0      0 13.86M      0   06:10   02:31   03:39 13.00M 41  5.01G  41  2.06G   0      0 13.88M      0   06:10   02:32   03:38 14.27M 41  5.01G  41  2.08G   0      0 13.90M      0   06:09   02:33   03:36 14.79M 41  5.01G  41  2.09G   0      0 13.90M      0   06:09   02:34   03:35 14.96M 42  5.01G  42  2.11G   0      0 13.91M      0   06:09   02:35   03:34 14.85M 42  5.01G  42  2.12G   0      0 13.92M      0   06:09   02:36   03:33 15.69M 42  5.01G  42  2.14G   0      0 13.92M      0   06:08   02:37   03:31 15.16M 43  5.01G  43  2.15G   0      0 13.93M      0   06:08   02:38   03:30 14.78M 43  5.01G  43  2.17G   0      0 13.93M      0   06:08   02:39   03:29 14.78M 43  5.01G  43  2.18G   0      0 13.92M      0   06:08   02:40   03:28 14.29M 43  5.01G  43  2.20G   0      0 13.95M      0   06:08   02:41   03:27 15.07M 44  5.01G  44  2.21G   0      0 13.94M      0   06:08   02:42   03:26 14.37M 44  5.01G  44  2.22G   0      0 13.90M      0   06:09   02:43   03:26 13.08M 44  5.01G  44  2.24G   0      0 13.91M      0   06:09   02:44   03:25 13.47M 44  5.01G  44  2.25G   0      0 13.92M      0   06:08   02:45   03:23 13.87M 45  5.01G  45  2.27G   0      0 13.95M      0   06:08   02:46   03:22 13.75M 45  5.01G  45  2.29G   0      0 13.96M      0   06:07   02:47   03:20 14.72M 45  5.01G  45  2.30G   0      0 13.96M      0   06:07   02:48   03:19 16.04M 46  5.01G  46  2.32G   0      0 13.98M      0   06:07   02:49   03:18 16.32M 46  5.01G  46  2.33G   0      0 13.99M      0   06:07   02:50   03:17 16.11M 46  5.01G  46  2.35G   0      0 14.00M      0   06:06   02:52   03:14 15.67M 47  5.01G  47  2.36G   0      0 13.96M      0   06:07   02:53   03:14 14.05M 47  5.01G  47  2.37G   0      0 13.96M      0   06:08   02:54   03:14 13.74M 47  5.01G  47  2.39G   0      0 13.97M      0   06:07   02:55   03:12 13.62M 47  5.01G  47  2.40G   0      0 13.96M      0   06:07   02:56   03:11 13.24M 48  5.01G  48  2.42G   0      0 13.96M      0   06:07   02:57   03:10 12.84M 48  5.01G  48  2.43G   0      0 13.96M      0   06:07   02:58   03:09 13.85M 48  5.01G  48  2.44G   0      0 13.96M      0   06:07   02:59   03:08 14.23M 49  5.01G  49  2.46G   0      0 13.96M      0   06:07   03:00   03:07 13.69M 49  5.01G  49  2.47G   0      0 13.97M      0   06:07   03:01   03:06 14.15M 49  5.01G  49  2.49G   0      0 13.99M      0   06:07   03:02   03:05 14.95M 50  5.01G  50  2.51G   0      0 14.01M      0   06:06   03:03   03:03 15.65M 50  5.01G  50  2.52G   0      0 13.97M      0   06:07   03:05   03:02 14.24M 50  5.01G  50  2.54G   0      0 13.99M      0   06:07   03:06   03:01 14.95M 51  5.01G  51  2.55G   0      0 14.00M      0   06:06   03:07   02:59 15.11M 51  5.01G  51  2.57G   0      0 14.02M      0   06:06   03:08   02:58 14.96M 51  5.01G  51  2.59G   0      0 14.02M      0   06:06   03:09   02:57 14.61M 51  5.01G  51  2.60G   0      0 14.03M      0   06:06   03:10   02:56 16.01M 52  5.01G  52  2.62G   0      0 14.04M      0   06:05   03:11   02:54 15.60M 52  5.01G  52  2.63G   0      0 14.06M      0   06:05   03:12   02:53 15.95M 52  5.01G  52  2.65G   0      0 14.04M      0   06:05   03:13   02:52 14.96M 53  5.01G  53  2.66G   0      0 14.04M      0   06:05   03:14   02:51 14.41M 53  5.01G  53  2.67G   0      0 14.04M      0   06:05   03:15   02:50 14.31M 53  5.01G  53  2.68G   0      0 14.02M      0   06:06   03:16   02:50 13.54M 53  5.01G  53  2.70G   0      0 14.03M      0   06:06   03:17   02:49 12.96M 54  5.01G  54  2.71G   0      0 14.03M      0   06:06   03:18   02:48 13.62M 54  5.01G  54  2.73G   0      0 14.04M      0   06:05   03:19   02:46 14.28M 54  5.01G  54  2.74G   0      0 14.05M      0   06:05   03:20   02:45 14.63M 55  5.01G  55  2.76G   0      0 14.07M      0   06:05   03:21   02:44 15.72M 55  5.01G  55  2.78G   0      0 14.08M      0   06:04   03:22   02:42 16.18M 55  5.01G  55  2.79G   0      0 14.09M      0   06:04   03:23   02:41 16.57M 56  5.01G  56  2.81G   0      0 14.11M      0   06:03   03:24   02:39 16.96M 56  5.01G  56  2.83G   0      0 14.12M      0   06:03   03:25   02:38 16.93M 56  5.01G  56  2.84G   0      0 14.12M      0   06:03   03:26   02:37 16.21M 56  5.01G  56  2.85G   0      0 14.10M      0   06:04   03:27   02:37 14.71M 57  5.01G  57  2.86G   0      0 14.09M      0   06:04   03:28   02:36 13.77M 57  5.01G  57  2.87G   0      0 14.08M      0   06:04   03:29   02:35 12.57M 57  5.01G  57  2.89G   0      0 14.07M      0   06:05   03:30   02:35 12.03M 57  5.01G  57  2.90G   0      0 14.08M      0   06:04   03:31   02:33 12.66M 58  5.01G  58  2.92G   0      0 14.09M      0   06:04   03:32   02:32 13.99M 58  5.01G  58  2.93G   0      0 14.06M      0   06:05   03:33   02:32 13.00M 58  5.01G  58  2.95G   0      0 14.06M      0   06:05   03:34   02:31 13.39M 59  5.01G  59  2.96G   0      0 14.06M      0   06:05   03:35   02:30 13.68M 59  5.01G  59  2.98G   0      0 14.07M      0   06:04   03:36   02:28 13.65M 59  5.01G  59  2.99G   0      0 14.05M      0   06:05   03:38   02:27 12.50M 59  5.01G  59  3.00G   0      0 14.04M      0   06:05   03:39   02:26 13.25M 60  5.01G  60  3.01G   0      0 14.02M      0   06:06   03:40   02:26 12.40M 60  5.01G  60  3.02G   0      0 14.02M      0   06:06   03:41   02:25 12.44M 60  5.01G  60  3.04G   0      0 14.03M      0   06:06   03:42   02:24 12.33M 60  5.01G  60  3.05G   0      0 14.03M      0   06:06   03:43   02:23 12.97M 61  5.01G  61  3.07G   0      0 14.03M      0   06:06   03:44   02:22 13.64M 61  5.01G  61  3.08G   0      0 14.01M      0   06:06   03:45   02:21 13.79M 61  5.01G  61  3.09G   0      0 14.00M      0   06:07   03:46   02:21 12.85M 61  5.01G  61  3.10G   0      0 13.99M      0   06:07   03:47   02:20 12.26M 62  5.01G  62  3.12G   0      0 14.00M      0   06:06   03:48   02:18 12.64M 62  5.01G  62  3.13G   0      0 14.00M      0   06:06   03:49   02:17 12.68M 62  5.01G  62  3.15G   0      0 14.01M      0   06:06   03:50   02:16 13.81M 63  5.01G  63  3.16G   0      0 14.01M      0   06:06   03:51   02:15 14.52M 63  5.01G  63  3.18G   0      0 14.01M      0   06:06   03:52   02:14 14.77M 63  5.01G  63  3.19G   0      0 13.99M      0   06:07   03:53   02:14 13.84M 63  5.01G  63  3.20G   0      0 14.01M      0   06:06   03:54   02:12 14.45M 64  5.01G  64  3.22G   0      0 14.01M      0   06:06   03:55   02:11 14.25M 64  5.01G  64  3.23G   0      0 14.02M      0   06:06   03:56   02:10 14.45M 64  5.01G  64  3.24G   0      0 13.97M      0   06:07   03:57   02:10 12.54M 64  5.01G  64  3.24G   0      0 13.92M      0   06:08   03:58   02:10 10.92M 64  5.01G  64  3.25G   0      0 13.88M      0   06:09   03:59   02:10  8.41M 64  5.01G  64  3.25G   0      0 13.84M      0   06:11   04:01   02:10  6.33M 65  5.01G  65  3.26G   0      0 13.79M      0   06:12   04:02   02:10  4.63M 65  5.01G  65  3.27G   0      0 13.76M      0   06:13   04:03   02:10  4.70M 65  5.01G  65  3.27G   0      0 13.72M      0   06:14   04:04   02:10  5.36M 65  5.01G  65  3.28G   0      0 13.69M      0   06:15   04:05   02:10  5.63M 65  5.01G  65  3.29G   0      0 13.65M      0   06:16   04:06   02:10  6.03M 65  5.01G  65  3.29G   0      0 13.62M      0   06:17   04:07   02:10  5.97M 65  5.01G  65  3.30G   0      0 13.59M      0   06:18   04:08   02:10  6.03M 65  5.01G  65  3.30G   0      0 13.55M      0   06:19   04:10   02:09  5.71M 66  5.01G  66  3.31G   0      0 13.52M      0   06:19   04:11   02:08  5.78M 66  5.01G  66  3.32G   0      0 13.49M      0   06:20   04:12   02:08  5.67M 66  5.01G  66  3.32G   0      0 13.45M      0   06:21   04:13   02:08  5.98M 66  5.01G  66  3.33G   0      0 13.43M      0   06:22   04:14   02:08  5.99M 66  5.01G  66  3.34G   0      0 13.39M      0   06:23   04:15   02:08  6.10M 66  5.01G  66  3.34G   0      0 13.36M      0   06:24   04:16   02:08  6.04M 66  5.01G  66  3.35G   0      0 13.33M      0   06:25   04:17   02:08  5.88M 66  5.01G  66  3.36G   0      0 13.30M      0   06:26   04:18   02:08  5.95M 67  5.01G  67  3.36G   0      0 13.26M      0   06:27   04:19   02:08  5.41M 67  5.01G  67  3.37G   0      0 13.23M      0   06:28   04:20   02:08  5.63M 67  5.01G  67  3.37G   0      0 13.20M      0   06:29   04:21   02:08  5.56M 67  5.01G  67  3.38G   0      0 13.16M      0   06:30   04:23   02:07  5.46M 67  5.01G  67  3.38G   0      0 13.12M      0   06:31   04:24   02:07  4.96M 67  5.01G  67  3.39G   0      0 13.10M      0   06:32   04:25   02:07  5.49M 67  5.01G  67  3.40G   0      0 13.07M      0   06:33   04:26   02:07  5.45M 67  5.01G  67  3.40G   0      0 13.04M      0   06:33   04:27   02:06  5.42M 68  5.01G  68  3.41G   0      0 13.02M      0   06:34   04:28   02:06  6.36M 68  5.01G  68  3.42G   0      0 13.02M      0   06:34   04:29   02:05  7.77M 68  5.01G  68  3.44G   0      0 13.03M      0   06:34   04:30   02:04  9.41M 68  5.01G  68  3.45G   0      0 13.02M      0   06:34   04:31   02:03 10.79M 69  5.01G  69  3.47G   0      0 13.03M      0   06:34   04:32   02:02 12.77M 69  5.01G  69  3.48G   0      0 13.03M      0   06:34   04:33   02:01 13.29M 69  5.01G  69  3.49G   0      0 13.03M      0   06:34   04:34   02:00 13.55M 69  5.01G  69  3.51G   0      0 13.04M      0   06:33   04:35   01:58 13.70M 70  5.01G  70  3.52G   0      0 13.04M      0   06:33   04:36   01:57 13.76M 70  5.01G  70  3.53G   0      0 13.04M      0   06:33   04:37   01:56 13.58M 70  5.01G  70  3.55G   0      0 13.05M      0   06:33   04:38   01:55 14.35M 71  5.01G  71  3.56G   0      0 13.04M      0   06:33   04:39   01:54 13.83M 71  5.01G  71  3.57G   0      0 13.04M      0   06:33   04:40   01:53 13.19M 71  5.01G  71  3.58G   0      0 13.02M      0   06:34   04:41   01:53 12.12M 71  5.01G  71  3.59G   0      0 13.01M      0   06:34   04:42   01:52 11.05M 71  5.01G  71  3.60G   0      0 13.02M      0   06:34   04:43   01:51 10.93M 72  5.01G  72  3.62G   0      0 13.03M      0   06:34   04:44   01:50 12.30M 72  5.01G  72  3.63G   0      0 13.02M      0   06:34   04:46   01:48 11.92M 72  5.01G  72  3.64G   0      0 13.01M      0   06:34   04:47   01:47 12.52M 72  5.01G  72  3.65G   0      0 12.99M      0   06:35   04:48   01:47 12.24M 73  5.01G  73  3.67G   0      0 13.00M      0   06:34   04:49   01:45 12.39M 73  5.01G  73  3.68G   0      0 12.99M      0   06:35   04:50   01:45 10.95M 73  5.01G  73  3.69G   0      0 12.99M      0   06:35   04:51   01:44 11.15M 73  5.01G  73  3.71G   0      0 13.00M      0   06:35   04:52   01:43 12.50M 74  5.01G  74  3.72G   0      0 13.02M      0   06:34   04:53   01:41 14.43M 74  5.01G  74  3.74G   0      0 13.03M      0   06:34   04:54   01:40 14.62M 74  5.01G  74  3.76G   0      0 13.04M      0   06:33   04:55   01:38 15.65M 75  5.01G  75  3.77G   0      0 13.05M      0   06:33   04:56   01:37 16.65M 75  5.01G  75  3.79G   0      0 13.06M      0   06:33   04:57   01:36 16.11M 75  5.01G  75  3.79G   0      0 13.04M      0   06:33   04:58   01:35 14.33M 76  5.01G  76  3.81G   0      0 13.04M      0   06:33   04:59   01:34 13.75M 76  5.01G  76  3.83G   0      0 13.05M      0   06:33   05:00   01:33 13.98M 76  5.01G  76  3.84G   0      0 13.06M      0   06:33   05:01   01:32 13.65M 76  5.01G  76  3.85G   0      0 13.05M      0   06:33   05:02   01:31 12.93M 77  5.01G  77  3.87G   0      0 13.06M      0   06:33   05:03   01:30 14.04M 77  5.01G  77  3.88G   0      0 13.06M      0   06:33   05:04   01:29 14.13M 77  5.01G  77  3.90G   0      0 13.06M      0   06:33   05:05   01:28 13.66M 78  5.01G  78  3.91G   0      0 13.07M      0   06:33   05:06   01:27 13.40M 78  5.01G  78  3.93G   0      0 13.08M      0   06:32   05:07   01:25 14.73M 78  5.01G  78  3.94G   0      0 13.09M      0   06:32   05:08   01:24 14.92M 79  5.01G  79  3.96G   0      0 13.10M      0   06:32   05:09   01:23 15.05M 79  5.01G  79  3.97G   0      0 13.10M      0   06:31   05:10   01:21 15.42M 79  5.01G  79  3.99G   0      0 13.11M      0   06:31   05:11   01:20 15.60M 79  5.01G  79  4.00G   0      0 13.11M      0   06:31   05:12   01:19 15.10M 79  5.01G  79  4.01G   0      0 13.09M      0   06:32   05:13   01:19 12.80M 80  5.01G  80  4.03G   0      0 13.10M      0   06:32   05:14   01:18 13.40M 80  5.01G  80  4.04G   0      0 13.10M      0   06:32   05:15   01:17 13.00M 80  5.01G  80  4.05G   0      0 13.11M      0   06:31   05:16   01:15 13.20M 81  5.01G  81  4.07G   0      0 13.12M      0   06:31   05:17   01:14 13.35M 81  5.01G  81  4.08G   0      0 13.12M      0   06:31   05:18   01:13 15.29M 81  5.01G  81  4.09G   0      0 13.11M      0   06:31   05:20   01:11 13.36M 81  5.01G  81  4.10G   0      0 13.09M      0   06:32   05:21   01:11 12.39M 82  5.01G  82  4.12G   0      0 13.10M      0   06:32   05:22   01:10 12.62M 82  5.01G  82  4.13G   0      0 13.11M      0   06:31   05:23   01:08 12.71M 82  5.01G  82  4.15G   0      0 13.12M      0   06:31   05:24   01:07 12.83M 83  5.01G  83  4.16G   0      0 13.12M      0   06:31   05:25   01:06 13.88M 83  5.01G  83  4.18G   0      0 13.13M      0   06:31   05:26   01:05 15.58M 83  5.01G  83  4.19G   0      0 13.14M      0   06:30   05:27   01:03 15.42M 83  5.01G  83  4.20G   0      0 13.13M      0   06:31   05:28   01:03 14.11M 84  5.01G  84  4.22G   0      0 13.14M      0   06:31   05:29   01:02 14.43M 84  5.01G  84  4.23G   0      0 13.14M      0   06:30   05:30   01:00 14.42M 84  5.01G  84  4.25G   0      0 13.14M      0   06:30   05:31   00:59 14.19M 85  5.01G  85  4.26G   0      0 13.15M      0   06:30   05:32   00:58 13.71M 85  5.01G  85  4.27G   0      0 13.14M      0   06:30   05:33   00:57 14.17M 85  5.01G  85  4.29G   0      0 13.15M      0   06:30   05:34   00:56 14.30M 85  5.01G  85  4.30G   0      0 13.16M      0   06:30   05:35   00:55 14.38M 86  5.01G  86  4.32G   0      0 13.16M      0   06:30   05:36   00:54 14.49M 86  5.01G  86  4.33G   0      0 13.16M      0   06:30   05:37   00:53 14.26M 86  5.01G  86  4.35G   0      0 13.16M      0   06:30   05:38   00:52 14.24M 87  5.01G  87  4.36G   0      0 13.17M      0   06:29   05:39   00:50 14.42M 87  5.01G  87  4.38G   0      0 13.18M      0   06:29   05:40   00:49 14.70M 87  5.01G  87  4.39G   0      0 13.18M      0   06:29   05:41   00:48 14.39M 87  5.01G  87  4.41G   0      0 13.17M      0   06:29   05:42   00:47 13.92M 88  5.01G  88  4.42G   0      0 13.17M      0   06:29   05:43   00:46 14.13M 88  5.01G  88  4.43G   0      0 13.17M      0   06:30   05:44   00:46 12.95M 88  5.01G  88  4.45G   0      0 13.18M      0   06:29   05:45   00:44 12.99M 88  5.01G  88  4.46G   0      0 13.18M      0   06:29   05:46   00:43 13.19M 89  5.01G  89  4.48G   0      0 13.20M      0   06:29   05:47   00:42 14.62M 89  5.01G  89  4.50G   0      0 13.20M      0   06:29   05:48   00:41 14.92M 89  5.01G  89  4.51G   0      0 13.21M      0   06:28   05:49   00:39 15.58M 90  5.01G  90  4.53G   0      0 13.21M      0   06:28   05:51   00:37 15.38M 90  5.01G  90  4.54G   0      0 13.22M      0   06:28   05:52   00:36 15.54M 90  5.01G  90  4.56G   0      0 13.23M      0   06:28   05:53   00:35 15.45M 91  5.01G  91  4.57G   0      0 13.24M      0   06:27   05:54   00:33 15.85M 91  5.01G  91  4.59G   0      0 13.24M      0   06:27   05:55   00:32 15.77M 91  5.01G  91  4.60G   0      0 13.25M      0   06:27   05:56   00:31 15.98M 92  5.01G  92  4.62G   0      0 13.24M      0   06:28   05:57   00:31 14.41M 92  5.01G  92  4.63G   0      0 13.23M      0   06:28   05:58   00:30 13.28M 92  5.01G  92  4.64G   0      0 13.23M      0   06:28   05:59   00:29 12.93M 92  5.01G  92  4.65G   0      0 13.22M      0   06:28   06:00   00:28 11.86M 92  5.01G  92  4.66G   0      0 13.21M      0   06:28   06:01   00:27 10.77M 93  5.01G  93  4.67G   0      0 13.20M      0   06:28   06:02   00:26 10.85M 93  5.01G  93  4.68G   0      0 13.20M      0   06:29   06:03   00:26 11.26M 93  5.01G  93  4.70G   0      0 13.21M      0   06:28   06:04   00:24 11.51M 94  5.01G  94  4.72G   0      0 13.22M      0   06:28   06:05   00:23 13.09M 94  5.01G  94  4.73G   0      0 13.23M      0   06:28   06:06   00:22 14.33M 94  5.01G  94  4.75G   0      0 13.23M      0   06:28   06:07   00:21 15.30M 94  5.01G  94  4.75G   0      0 13.21M      0   06:28   06:08   00:20 13.55M 94  5.01G  94  4.76G   0      0 13.19M      0   06:29   06:09   00:20 11.93M 95  5.01G  95  4.77G   0      0 13.20M      0   06:29   06:10   00:19 11.51M 95  5.01G  95  4.78G   0      0 13.19M      0   06:29   06:11   00:18 10.41M 95  5.01G  95  4.79G   0      0 13.18M      0   06:29   06:12   00:17  9.24M 95  5.01G  95  4.81G   0      0 13.19M      0   06:29   06:13   00:16 11.61M 96  5.01G  96  4.81G   0      0 13.16M      0   06:30   06:14   00:16 11.08M 96  5.01G  96  4.83G   0      0 13.17M      0   06:29   06:15   00:14 11.27M 96  5.01G  96  4.84G   0      0 13.16M      0   06:30   06:16   00:14 11.05M 96  5.01G  96  4.85G   0      0 13.16M      0   06:30   06:17   00:13 11.82M 97  5.01G  97  4.87G   0      0 13.16M      0   06:30   06:18   00:12 11.45M 97  5.01G  97  4.87G   0      0 13.14M      0   06:30   06:19   00:11 11.61M 97  5.01G  97  4.88G   0      0 13.13M      0   06:31   06:20   00:11 10.00M 97  5.01G  97  4.90G   0      0 13.14M      0   06:31   06:22   00:09 11.27M 97  5.01G  97  4.91G   0      0 13.14M      0   06:30   06:23   00:07 11.76M 98  5.01G  98  4.92G   0      0 13.13M      0   06:31   06:24   00:07 11.03M 98  5.01G  98  4.94G   0      0 13.12M      0   06:31   06:25   00:06 11.52M 98  5.01G  98  4.95G   0      0 13.13M      0   06:31   06:26   00:05 13.28M 99  5.01G  99  4.96G   0      0 13.13M      0   06:31   06:27   00:04 12.63M 99  5.01G  99  4.98G   0      0 13.13M      0   06:31   06:28   00:03 12.10M 99  5.01G  99  4.99G   0      0 13.13M      0   06:31   06:29   00:02 13.00M 99  5.01G  99  5.01G   0      0 13.14M      0   06:30   06:30         14.53M100  5.01G 100  5.01G   0      0 13.14M      0   06:30   06:30         14.53M100  5.01G 100  5.01G   0      0 13.14M      0   06:30   06:30         14.53M100  5.01G 100  5.01G   0      0 13.14M      0   06:30   06:30         14.53M
  - Extracting Windows installation image

7-Zip 26.04 (x64) : Copyright (c) 1999-2026 Igor Pavlov : 2026-10-05
 64-bit locale=C.UTF-8 Threads:8 OPEN_MAX:4096, ASM

Scanning the drive for archives:
1 file, 5387960320 bytes (5139 MiB)

Extracting archive: 26100.1742.240906-0331.ge_release_svc_refresh_CLIENTENTERPRISEEVAL_OEMRET_x64FRE_en-us.iso
--
Path = 26100.1742.240906-0331.ge_release_svc_refresh_CLIENTENTERPRISEEVAL_OEMRET_x64FRE_en-us.iso
Type = Udf
Physical Size = 5387960320
Version = 1.02
Cluster Size = 2048
Sector Size = 2048
Created = 2024-09-07 02:00:00.000000
Modified = 2024-09-07 02:00:00.000000
Comment = 
{
Primary Volumes:
  PrimaryVolumeDescriptorNumber: 0
  VolumeSequenceNumber: 1
  VolumeId: UDF Volume
  VolumeSetId: e1cf4000MS UDFBridge
  ApplicationId: 
  ImplementationId: *Microsoft CDIMAGE UDF::Windows NT
Partitions:
  PartitionIndex: 0
  PartitionNumber: 2989
  ContentsId: +NSR02
  ImplementationId: *Microsoft CDIMAGE UDF::Windows NT
  AccessType: Read-Only
  Size: 5387337728
  Pos: 622592
Logical Volumes:
  Id: CENA_X64FREE_EN-US_DV9
  BlockSize: 2048
  DomainId: *OSTA UDF Compliant::1.02
  ImplementationId: *Microsoft CDIMAGE UDF::Windows NT
  Partition Maps:
    PartitionMap: 0
    Type: 1
    VolumeSequenceNumber: 1
    PartitionNumber: 2989
  File Sets:
    FileSetNumber: 0
    FileSetDescNumber: 0
    LogicalVolumeId: CENA_X64FREE_EN-US_DV9
    Id: CENA_X64FREE_EN
    CopyrightId: 
    AbstractId: 
    DomainId: *OSTA UDF Compliant::1.02
}

Everything is Ok

Size:       4575544866
Compressed: 5387960320
  - Extracting files from local Windows installation image

7-Zip 26.04 (x64) : Copyright (c) 1999-2026 Igor Pavlov : 2026-10-05
 64-bit locale=C.UTF-8 Threads:8 OPEN_MAX:4096, ASM

Scanning the drive for archives:
1 file, 4575544866 bytes (4364 MiB)

Extracting archive: sources/install.wim

WARNINGS:
Some files have incorrect reference count

--
Path = sources/install.wim
Type = wim
WARNING = Some files have incorrect reference count
Physical Size = 4575544866
Size = 9502608437
Packed Size = 4565923716
Method = LZX:15
Cluster Size = 32768
Created = 2024-09-06 06:20:50.2725448
Modified = 2024-09-06 06:33:06.8091957
Comment = <WIM><TOTALBYTES>4575542108</TOTALBYTES><IMAGE INDEX="1"><DIRCOUNT>25355</DIRCOUNT><FILECOUNT>111762</FILECOUNT><TOTALBYTES>19215065696</TOTALBYTES><HARDLINKBYTES>8810365564</HARDLINKBYTES><CREATIONTIME><HIGHPART>0x01DB0014</HIGHPART><LOWPART>0x27AF9348</LOWPART></CREATIONTIME><LASTMODIFICATIONTIME><HIGHPART>0x01DB0015</HIGHPART><LOWPART>0xDEB22635</LOWPART></LASTMODIFICATIONTIME><WIMBOOT>0</WIMBOOT><WINDOWS><ARCH>9</ARCH><PRODUCTNAME>Microsoft® Windows® Operating System</PRODUCTNAME><EDITIONID>EnterpriseEval</EDITIONID><INSTALLATIONTYPE>Client</INSTALLATIONTYPE><SERVICINGDATA><GDRDUREVISION>0</GDRDUREVISION><PKEYCONFIGVERSION>10.0.26100.1;2016-01-01T00:00:00Z</PKEYCONFIGVERSION><IMAGESTATE>IMAGE_STATE_GENERALIZE_RESEAL_TO_OOBE</IMAGESTATE></SERVICINGDATA><PRODUCTTYPE>WinNT</PRODUCTTYPE><PRODUCTSUITE>Terminal Server</PRODUCTSUITE><LANGUAGES><LANGUAGE>en-US</LANGUAGE><DEFAULT>en-US</DEFAULT></LANGUAGES><VERSION><MAJOR>10</MAJOR><MINOR>0</MINOR><BUILD>26100</BUILD><SPBUILD>1742</SPBUILD><SPLEVEL>0</SPLEVEL><BRANCH>ge_release</BRANCH></VERSION><SYSTEMROOT>WINDOWS</SYSTEMROOT></WINDOWS><NAME>Windows 11 Enterprise Evaluation</NAME><DESCRIPTION>Windows 11 Enterprise Evaluation</DESCRIPTION><FLAGS>EnterpriseEval</FLAGS><DISPLAYNAME>Windows 11 Enterprise Evaluation</DISPLAYNAME><DISPLAYDESCRIPTION>Windows 11 Enterprise Evaluation</DISPLAYDESCRIPTION></IMAGE></WIM>
Version = 1.13
Multivolume = -
Volume = 1
Volumes = 1
Images = 1

Everything is Ok

Archives with Warnings: 1

Warnings: 1
Files: 143
Size:       358263184
Compressed: 4575544866
  - Cleaning up temporary files
- Verifying file integrity
  - arial.ttf: Pass
  - arialbd.ttf: Pass
  - ariali.ttf: Pass
  - arialbi.ttf: Pass
  - ariblk.ttf: Pass
  - bahnschrift.ttf: Pass
  - calibri.ttf: Pass
  - calibrib.ttf: Pass
  - calibrii.ttf: Pass
  - calibriz.ttf: Pass
  - calibril.ttf: Pass
  - calibrili.ttf: Pass
  - cambria.ttc: Pass
  - cambriab.ttf: Pass
  - cambriai.ttf: Pass
  - cambriaz.ttf: Pass
  - Candara.ttf: Pass
  - Candarab.ttf: Pass
  - Candarai.ttf: Pass
  - Candaraz.ttf: Pass
  - Candaral.ttf: Pass
  - Candarali.ttf: Pass
  - comic.ttf: Pass
  - comicbd.ttf: Pass
  - comici.ttf: Pass
  - comicz.ttf: Pass
  - consola.ttf: Pass
  - consolab.ttf: Pass
  - consolai.ttf: Pass
  - consolaz.ttf: Pass
  - constan.ttf: Pass
  - constanb.ttf: Pass
  - constani.ttf: Pass
  - constanz.ttf: Pass
  - corbel.ttf: Pass
  - corbelb.ttf: Pass
  - corbeli.ttf: Pass
  - corbelz.ttf: Pass
  - corbell.ttf: Pass
  - corbelli.ttf: Pass
  - cour.ttf: Pass
  - courbd.ttf: Pass
  - couri.ttf: Pass
  - courbi.ttf: Pass
  - framd.ttf: Pass
  - framdit.ttf: Pass
  - Gabriola.ttf: Pass
  - georgia.ttf: Pass
  - georgiab.ttf: Pass
  - georgiai.ttf: Pass
  - georgiaz.ttf: Pass
  - impact.ttf: Pass
  - Inkfree.ttf: Pass
  - l_10646.ttf: Pass
  - lucon.ttf: Pass
  - marlett.ttf: Pass
  - micross.ttf: Pass
  - pala.ttf: Pass
  - palab.ttf: Pass
  - palai.ttf: Pass
  - palabi.ttf: Pass
  - segmdl2.ttf: Pass
  - SegoeIcons.ttf: Pass
  - segoepr.ttf: Pass
  - segoeprb.ttf: Pass
  - segoesc.ttf: Pass
  - segoescb.ttf: Pass
  - segoeui.ttf: Pass
  - segoeuib.ttf: Pass
  - segoeuii.ttf: Pass
  - segoeuiz.ttf: Pass
  - segoeuil.ttf: Pass
  - seguili.ttf: Pass
  - segoeuisl.ttf: Pass
  - seguisli.ttf: Pass
  - seguibl.ttf: Pass
  - seguibli.ttf: Pass
  - seguiemj.ttf: Pass
  - seguihis.ttf: Pass
  - seguisb.ttf: Pass
  - seguisbi.ttf: Pass
  - seguisym.ttf: Pass
  - SegUIVar.ttf: Pass
  - SitkaVF.ttf: Pass
  - SitkaVF-Italic.ttf: Pass
  - sylfaen.ttf: Pass
  - symbol.ttf: Pass
  - tahoma.ttf: Pass
  - tahomabd.ttf: Pass
  - times.ttf: Pass
  - timesbd.ttf: Pass
  - timesi.ttf: Pass
  - timesbi.ttf: Pass
  - trebuc.ttf: Pass
  - trebucbd.ttf: Pass
  - trebucit.ttf: Pass
  - trebucbi.ttf: Pass
  - verdana.ttf: Pass
  - verdanab.ttf: Pass
  - verdanai.ttf: Pass
  - verdanaz.ttf: Pass
  - webdings.ttf: Pass
  - wingding.ttf: Pass
  - msgothic.ttc: Pass
  - YuGothR.ttc: Pass
  - YuGothB.ttc: Pass
  - YuGothM.ttc: Pass
  - YuGothL.ttc: Pass
  - malgun.ttf: Pass
  - malgunbd.ttf: Pass
  - malgunsl.ttf: Pass
  - javatext.ttf: Pass
  - himalaya.ttf: Pass
  - ntailu.ttf: Pass
  - ntailub.ttf: Pass
  - phagspa.ttf: Pass
  - phagspab.ttf: Pass
  - taile.ttf: Pass
  - taileb.ttf: Pass
  - msyi.ttf: Pass
  - monbaiti.ttf: Pass
  - mmrtext.ttf: Pass
  - mmrtextb.ttf: Pass
  - Nirmala.ttc: Pass
  - LeelawUI.ttf: Pass
  - LeelaUIb.ttf: Pass
  - LeelUIsl.ttf: Pass
  - simsun.ttc: Pass
  - simsunb.ttf: Pass
  - msyh.ttc: Pass
  - msyhbd.ttc: Pass
  - msyhl.ttc: Pass
  - msjh.ttc: Pass
  - msjhbd.ttc: Pass
  - msjhl.ttc: Pass
  - mingliub.ttc: Pass
  - ebrima.ttf: Pass
  - ebrimabd.ttf: Pass
  - gadugi.ttf: Pass
  - gadugib.ttf: Pass
  - mvboli.ttf: Pass
==> Sources are ready.
==> Making package: ttf-ms-win11-auto 10.0.26100.1742-4 (Fri Oct  9 20:52:07 2026)
==> Checking runtime dependencies...
==> Checking buildtime dependencies...
==> WARNING: Using existing $srcdir/ tree
==> Entering fakeroot environment...
==> Starting package_ttf-ms-win11-auto()...
==> Tidying install...
  -> Removing libtool files...
  -> Removing static library files...
  -> Purging unwanted files...
  -> Stripping unneeded symbols from binaries and libraries...
  -> Compressing man and info pages...
==> Checking for packaging issues...
==> Creating package "ttf-ms-win11-auto"...
  -> Generating .PKGINFO file...
  -> Generating .BUILDINFO file...
  -> Generating .MTREE file...
  -> Compressing package...
==> Starting package_ttf-ms-win11-auto-japanese()...
==> Tidying install...
  -> Removing libtool files...
  -> Removing static library files...
  -> Purging unwanted files...
  -> Stripping unneeded symbols from binaries and libraries...
  -> Compressing man and info pages...
==> Checking for packaging issues...
==> Creating package "ttf-ms-win11-auto-japanese"...
  -> Generating .PKGINFO file...
  -> Generating .BUILDINFO file...
  -> Generating .MTREE file...
  -> Compressing package...
==> Starting package_ttf-ms-win11-auto-korean()...
==> Tidying install...
  -> Removing libtool files...
  -> Removing static library files...
  -> Purging unwanted files...
  -> Stripping unneeded symbols from binaries and libraries...
  -> Compressing man and info pages...
==> Checking for packaging issues...
==> Creating package "ttf-ms-win11-auto-korean"...
  -> Generating .PKGINFO file...
  -> Generating .BUILDINFO file...
  -> Generating .MTREE file...
  -> Compressing package...
==> Starting package_ttf-ms-win11-auto-sea()...
==> Tidying install...
  -> Removing libtool files...
  -> Removing static library files...
  -> Purging unwanted files...
  -> Stripping unneeded symbols from binaries and libraries...
  -> Compressing man and info pages...
==> Checking for packaging issues...
==> Creating package "ttf-ms-win11-auto-sea"...
  -> Generating .PKGINFO file...
  -> Generating .BUILDINFO file...
  -> Generating .MTREE file...
  -> Compressing package...
==> Starting package_ttf-ms-win11-auto-thai()...
==> Tidying install...
  -> Removing libtool files...
  -> Removing static library files...
  -> Purging unwanted files...
  -> Stripping unneeded symbols from binaries and libraries...
  -> Compressing man and info pages...
==> Checking for packaging issues...
==> Creating package "ttf-ms-win11-auto-thai"...
  -> Generating .PKGINFO file...
  -> Generating .BUILDINFO file...
  -> Generating .MTREE file...
  -> Compressing package...
==> Starting package_ttf-ms-win11-auto-zh_cn()...
==> Tidying install...
  -> Removing libtool files...
  -> Removing static library files...
  -> Purging unwanted files...
  -> Stripping unneeded symbols from binaries and libraries...
  -> Compressing man and info pages...
==> Checking for packaging issues...
==> Creating package "ttf-ms-win11-auto-zh_cn"...
  -> Generating .PKGINFO file...
  -> Generating .BUILDINFO file...
  -> Generating .MTREE file...
  -> Compressing package...
==> Starting package_ttf-ms-win11-auto-zh_tw()...
==> Tidying install...
  -> Removing libtool files...
  -> Removing static library files...
  -> Purging unwanted files...
  -> Stripping unneeded symbols from binaries and libraries...
  -> Compressing man and info pages...
==> Checking for packaging issues...
==> Creating package "ttf-ms-win11-auto-zh_tw"...
  -> Generating .PKGINFO file...
  -> Generating .BUILDINFO file...
  -> Generating .MTREE file...
  -> Compressing package...
==> Starting package_ttf-ms-win11-auto-other()...
==> Tidying install...
  -> Removing libtool files...
  -> Removing static library files...
  -> Purging unwanted files...
  -> Stripping unneeded symbols from binaries and libraries...
  -> Compressing man and info pages...
==> Checking for packaging issues...
==> Creating package "ttf-ms-win11-auto-other"...
  -> Generating .PKGINFO file...
  -> Generating .BUILDINFO file...
  -> Generating .MTREE file...
  -> Compressing package...
==> Leaving fakeroot environment.
==> Finished making: ttf-ms-win11-auto 10.0.26100.1742-4 (Fri Oct  9 20:52:16 2026)
==> Cleaning up...
loading packages...
resolving dependencies...
looking for conflicting packages...

Packages (1) ttf-ms-win11-auto-10.0.26100.1742-4

Total Installed Size:  68.45 MiB

:: Proceed with installation? [Y/n] 
checking keyring...
checking package integrity...
loading package files...
checking for file conflicts...
checking available disk space...
:: Processing package changes...
installing ttf-ms-win11-auto...
:: Running post-transaction hooks...
(1/3) Arming ConditionNeedsUpdate...
(2/3) Updating fontconfig cache...
(3/3) Updating 32-bit fontconfig cache...
AUR Explicit (1): timeshift-autosnap-0.10.0-1
:: [1m(1/1) Downloaded PKGBUILD: timeshift-autosnap[0m
  1 timeshift-autosnap                       (Build Files Exist)
==> Packages to cleanBuild?
==> [N]one [A]ll [Ab]ort [I]nstalled [No]tInstalled or (1 2 3, 1-3, ^4)
==> 
  1 timeshift-autosnap                       (Build Files Exist)
==> Diffs to show?
==> [N]one [A]ll [Ab]ort [I]nstalled [No]tInstalled or (1 2 3, 1-3, ^4)
==> 
==> Making package: timeshift-autosnap 0.10.0-1 (Fri Oct  9 20:52:18 2026)
==> Retrieving sources...
  -> Downloading timeshift-autosnap-0.10.0.tar.gz...
  % Total    % Received % Xferd  Average Speed  Time    Time    Time   Current
                                 Dload  Upload  Total   Spent   Left   Speed
  0      0   0      0   0      0      0      0                              0  0      0   0      0   0      0      0      0           00:01              0  0      0   0      0   0      0      0      0           00:02              0100   3731 100   3731   0      0   1711      0   00:02   00:02           1784100   3731 100   3731   0      0   1710      0   00:02   00:02           1784100   3731 100   3731   0      0   1710      0   00:02   00:02           1784
==> WARNING: Skipping verification of source file PGP signatures.
==> Validating source files with b2sums...
    timeshift-autosnap-0.10.0.tar.gz ... Passed
:: [1m(1/1) Parsing SRCINFO: timeshift-autosnap[0m
==> Making package: timeshift-autosnap 0.10.0-1 (Fri Oct  9 20:52:21 2026)
==> Checking runtime dependencies...
==> Checking buildtime dependencies...
==> Retrieving sources...
  -> Found timeshift-autosnap-0.10.0.tar.gz
==> Validating source files with b2sums...
    timeshift-autosnap-0.10.0.tar.gz ... Passed
==> Removing existing $srcdir/ directory...
==> Extracting sources...
  -> Extracting timeshift-autosnap-0.10.0.tar.gz with bsdtar
==> Sources are ready.
==> Making package: timeshift-autosnap 0.10.0-1 (Fri Oct  9 20:52:21 2026)
==> Checking runtime dependencies...
==> Checking buildtime dependencies...
==> WARNING: Using existing $srcdir/ tree
==> Entering fakeroot environment...
==> Starting package()...
==> Tidying install...
  -> Removing libtool files...
  -> Removing static library files...
  -> Purging unwanted files...
  -> Stripping unneeded symbols from binaries and libraries...
  -> Compressing man and info pages...
==> Checking for packaging issues...
==> Creating package "timeshift-autosnap"...
  -> Generating .PKGINFO file...
  -> Generating .BUILDINFO file...
  -> Generating .MTREE file...
  -> Compressing package...
==> Leaving fakeroot environment.
==> Finished making: timeshift-autosnap 0.10.0-1 (Fri Oct  9 20:52:22 2026)
==> Cleaning up...
loading packages...
resolving dependencies...
looking for conflicting packages...

Packages (1) timeshift-autosnap-0.10.0-1

Total Installed Size:  0.01 MiB

:: Proceed with installation? [Y/n] 
checking keyring...
checking package integrity...
loading package files...
checking for file conflicts...
checking available disk space...
:: Processing package changes...
installing timeshift-autosnap...
Optional dependencies for timeshift-autosnap
    grub-btrfs
:: Running post-transaction hooks...
(1/1) Arming ConditionNeedsUpdate...
